review_order,category_id,category_name,facet_id,canonical_facet_name,value_candidate,seed_expression,candidate_expression,occurrence_count,semantic_similarity,example_sentence_1,example_sentence_2,example_sentence_3,example_sentence_4,example_sentence_5,naver_rating_distribution,source_type,current_status,reviewer_decision,reviewer_note,risk_flags,conflict_status,review_priority,corrected_value_candidate
1,NOT_AVAILABLE_SOURCE_HAS_NO_CATEGORY,NOT_AVAILABLE_SOURCE_HAS_NO_CATEGORY,product_form,제형,capsule,가루,가루,668,1,"한 달을 써봤습니다. 저는 무쌍이고 유분은 보통인 편이에요~ (기름종이 or 팩트 사용 No) 오전 9시쯤 바르고, 오후 3~4시쯤 되면 다 번져 있습니다.... 가루날림도 많고요 ㅠㅠ 가격 때문에 별 2개예요....",조ㅗ아요.. 이건 거의 그냥 가루네요.. 쌀가루처럼 약간 알갱이느낌이 있는줄 알았는데... 그래도 고소하고 맛있는것 같아요 좋아요,급해서 어쩔수 없어 그냥 썼는데요. 마감 엉망이라 손 다칠만큼 날카롭구요. 한쪽 구겨져서 왔네요. 또 장갑은 보풀이 계속 떨어집니다. 바지에 가루 보이시나요? 가격대비 이윤 정말 많이 남기시겠어요. 제품 질이 이리 떨어지나요,후추가루를 적당히 넣어야하는데..다시는 구매 하지 않을듯,그동안 많은 레몬디톡스를 시켜서 해왔지만 여기만큼 정직하고 효과잇는 곳 없엇어요!! 레시피 그대로 붉은 고춧가루도 보이고 레몬즙 낸 맛도 느껴지더라구요 믿고 강추합니다 재구매많이함,1:183|2:343|3:0|4:61|5:149,KOREAN_SHOPPING_REVIEW_EXPRESSION_REFERENCE,PENDING_REVIEW,NEEDS_REVIEW,candidate_expression은 유효해 보이나 value_candidate가 실제 의미와 불일치함,CONTEXT_AMBIGUOUS|MEDICAL_OUTCOME|TOO_SHORT,,HIGH,powder
2,NOT_AVAILABLE_SOURCE_HAS_NO_CATEGORY,NOT_AVAILABLE_SOURCE_HAS_NO_CATEGORY,product_form,제형,liquid,가루,가루,668,1,"한 달을 써봤습니다. 저는 무쌍이고 유분은 보통인 편이에요~ (기름종이 or 팩트 사용 No) 오전 9시쯤 바르고, 오후 3~4시쯤 되면 다 번져 있습니다.... 가루날림도 많고요 ㅠㅠ 가격 때문에 별 2개예요....",조ㅗ아요.. 이건 거의 그냥 가루네요.. 쌀가루처럼 약간 알갱이느낌이 있는줄 알았는데... 그래도 고소하고 맛있는것 같아요 좋아요,급해서 어쩔수 없어 그냥 썼는데요. 마감 엉망이라 손 다칠만큼 날카롭구요. 한쪽 구겨져서 왔네요. 또 장갑은 보풀이 계속 떨어집니다. 바지에 가루 보이시나요? 가격대비 이윤 정말 많이 남기시겠어요. 제품 질이 이리 떨어지나요,후추가루를 적당히 넣어야하는데..다시는 구매 하지 않을듯,그동안 많은 레몬디톡스를 시켜서 해왔지만 여기만큼 정직하고 효과잇는 곳 없엇어요!! 레시피 그대로 붉은 고춧가루도 보이고 레몬즙 낸 맛도 느껴지더라구요 믿고 강추합니다 재구매많이함,1:183|2:343|3:0|4:61|5:149,KOREAN_SHOPPING_REVIEW_EXPRESSION_REFERENCE,PENDING_REVIEW,NEEDS_REVIEW,candidate_expression은 유효해 보이나 value_candidate가 실제 의미와 불일치함,CONTEXT_AMBIGUOUS|MEDICAL_OUTCOME|TOO_SHORT,,HIGH,powder
3,NOT_AVAILABLE_SOURCE_HAS_NO_CATEGORY,NOT_AVAILABLE_SOURCE_HAS_NO_CATEGORY,product_form,제형,powder,가루,가루,668,1,"한 달을 써봤습니다. 저는 무쌍이고 유분은 보통인 편이에요~ (기름종이 or 팩트 사용 No) 오전 9시쯤 바르고, 오후 3~4시쯤 되면 다 번져 있습니다.... 가루날림도 많고요 ㅠㅠ 가격 때문에 별 2개예요....",조ㅗ아요.. 이건 거의 그냥 가루네요.. 쌀가루처럼 약간 알갱이느낌이 있는줄 알았는데... 그래도 고소하고 맛있는것 같아요 좋아요,급해서 어쩔수 없어 그냥 썼는데요. 마감 엉망이라 손 다칠만큼 날카롭구요. 한쪽 구겨져서 왔네요. 또 장갑은 보풀이 계속 떨어집니다. 바지에 가루 보이시나요? 가격대비 이윤 정말 많이 남기시겠어요. 제품 질이 이리 떨어지나요,후추가루를 적당히 넣어야하는데..다시는 구매 하지 않을듯,그동안 많은 레몬디톡스를 시켜서 해왔지만 여기만큼 정직하고 효과잇는 곳 없엇어요!! 레시피 그대로 붉은 고춧가루도 보이고 레몬즙 낸 맛도 느껴지더라구요 믿고 강추합니다 재구매많이함,1:183|2:343|3:0|4:61|5:149,KOREAN_SHOPPING_REVIEW_EXPRESSION_REFERENCE,PENDING_REVIEW,APPROVE_ALIAS,,CONTEXT_AMBIGUOUS|MEDICAL_OUTCOME|TOO_SHORT,,HIGH,
4,NOT_AVAILABLE_SOURCE_HAS_NO_CATEGORY,NOT_AVAILABLE_SOURCE_HAS_NO_CATEGORY,product_form,제형,tablet,가루,가루,668,1,"한 달을 써봤습니다. 저는 무쌍이고 유분은 보통인 편이에요~ (기름종이 or 팩트 사용 No) 오전 9시쯤 바르고, 오후 3~4시쯤 되면 다 번져 있습니다.... 가루날림도 많고요 ㅠㅠ 가격 때문에 별 2개예요....",조ㅗ아요.. 이건 거의 그냥 가루네요.. 쌀가루처럼 약간 알갱이느낌이 있는줄 알았는데... 그래도 고소하고 맛있는것 같아요 좋아요,급해서 어쩔수 없어 그냥 썼는데요. 마감 엉망이라 손 다칠만큼 날카롭구요. 한쪽 구겨져서 왔네요. 또 장갑은 보풀이 계속 떨어집니다. 바지에 가루 보이시나요? 가격대비 이윤 정말 많이 남기시겠어요. 제품 질이 이리 떨어지나요,후추가루를 적당히 넣어야하는데..다시는 구매 하지 않을듯,그동안 많은 레몬디톡스를 시켜서 해왔지만 여기만큼 정직하고 효과잇는 곳 없엇어요!! 레시피 그대로 붉은 고춧가루도 보이고 레몬즙 낸 맛도 느껴지더라구요 믿고 강추합니다 재구매많이함,1:183|2:343|3:0|4:61|5:149,KOREAN_SHOPPING_REVIEW_EXPRESSION_REFERENCE,PENDING_REVIEW,NEEDS_REVIEW,candidate_expression은 유효해 보이나 value_candidate가 실제 의미와 불일치함,CONTEXT_AMBIGUOUS|MEDICAL_OUTCOME|TOO_SHORT,,HIGH,powder
5,NOT_AVAILABLE_SOURCE_HAS_NO_CATEGORY,NOT_AVAILABLE_SOURCE_HAS_NO_CATEGORY,intake_convenience,섭취 편의성,convenient,먹기 편,먹기 편,126,1,덜 피곤한것 같네요 환절기고 피곤해서 먹기시작했는데약이 작아서 먹기 편하기도 하고좀 덜 피곤한 것 같아 먹기 잘한것 같음.가격도 괜찮아서 앞으로도 쭉 먹을예정임,"맛이 부드럽고, 향도 은은하여 좋습니다 더욱이 티백이라 우려먹기 편해서 먹기가 좋습니다 번창하세요*^^*",넘 좋으네요. 먹기 편하고 효과도 있는 것 같고요~~,재구매 손질도 먹기 편하고 배송도 빨라요,재구매 먹기 편하게 되어있어요,1:2|2:7|3:0|4:33|5:99,KOREAN_SHOPPING_REVIEW_EXPRESSION_REFERENCE,PENDING_REVIEW,APPROVE_ALIAS,CONTEXT_AMBIGUOUS;MEDICAL_OUTCOME;TOO_SHORT,CONTEXT_AMBIGUOUS|MEDICAL_OUTCOME|TOO_SHORT,,HIGH,
6,NOT_AVAILABLE_SOURCE_HAS_NO_CATEGORY,NOT_AVAILABLE_SOURCE_HAS_NO_CATEGORY,intake_convenience,섭취 편의성,inconvenient,먹기 편,먹기 편,126,1,덜 피곤한것 같네요 환절기고 피곤해서 먹기시작했는데약이 작아서 먹기 편하기도 하고좀 덜 피곤한 것 같아 먹기 잘한것 같음.가격도 괜찮아서 앞으로도 쭉 먹을예정임,"맛이 부드럽고, 향도 은은하여 좋습니다 더욱이 티백이라 우려먹기 편해서 먹기가 좋습니다 번창하세요*^^*",넘 좋으네요. 먹기 편하고 효과도 있는 것 같고요~~,재구매 손질도 먹기 편하고 배송도 빨라요,재구매 먹기 편하게 되어있어요,1:2|2:7|3:0|4:33|5:99,KOREAN_SHOPPING_REVIEW_EXPRESSION_REFERENCE,PENDING_REVIEW,NEEDS_REVIEW,candidate_expression은 유효해 보이나 value_candidate가 실제 의미와 불일치함,CONTEXT_AMBIGUOUS|MEDICAL_OUTCOME|TOO_SHORT,,HIGH,convenient
7,NOT_AVAILABLE_SOURCE_HAS_NO_CATEGORY,NOT_AVAILABLE_SOURCE_HAS_NO_CATEGORY,swallowability,목넘김,easy,목넘김,목넘김,25,1,약 알갱이가 너무 작아서 목넘김이 별로 안좋아요. 효과는 아직 모르겠고요. 배송은 엄청 빠르네요.,배송오자마자 잘먹고있어요. 사무실에 놔두고 매일 잊지않고 잘먹게되네요. 과일 야채 혼자사닌깐 잘 못챙겨먹는데 요걸로 대신 먹어서 그런지 피곤함도 덜한게 저한테 잘맞네요. 목넘김도 편해서 더 맘에들어요.,목넘김도 깔끔하고 괜찮아요,막걸린데도 우유넘기듯 목넘김이 좋습니다,선물 드리려고 샀는데 예쁘네요! 맛이나 목넘김은 모르겠어요..ㅎㅎ,1:1|2:5|3:0|4:3|5:21,KOREAN_SHOPPING_REVIEW_EXPRESSION_REFERENCE,PENDING_REVIEW,APPROVE_ALIAS,CONTEXT_AMBIGUOUS;MEDICAL_OUTCOME;TOO_SHORT,CONTEXT_AMBIGUOUS|MEDICAL_OUTCOME|TOO_SHORT,,HIGH,
8,NOT_AVAILABLE_SOURCE_HAS_NO_CATEGORY,NOT_AVAILABLE_SOURCE_HAS_NO_CATEGORY,swallowability,목넘김,easy,넘기기,넘기기,12,1,사이즈가 커서 목 넘기기 좀 힘드네요 물을 많이 마셔야해요 알약 잘 드시는 분은 괜찮을수도. 전 약간 힘드네요,착불고지도 없이 착불로 도착함 배송까지 약 일주일 걸림 택배사에 넘기기까지 오래걸림 현대택배도 짜증남 물건은 괜찮은듯 하지만 다시는 주문하지 않을꺼임,지속력이 오전을 넘기기 힘든듯 합니다. 너무 짧아요,원래 먹던거 보다 저렴해서 샀어요 좀커서 약넘기기 힘들긴한데.. 적응되면 괜찮겠지요.. 효과는 더먹어봐야 알거 같아요 꾸준히 복용해볼게요,너무질겨 넘기기가 힘들었어요,1:2|2:6|3:0|4:3|5:3,KOREAN_SHOPPING_REVIEW_EXPRESSION_REFERENCE,PENDING_REVIEW,APPROVE_ALIAS,CONTEXT_AMBIGUOUS;MEDICAL_OUTCOME;TOO_SHORT,CONTEXT_AMBIGUOUS|MEDICAL_OUTCOME|TOO_SHORT,,HIGH,
9,NOT_AVAILABLE_SOURCE_HAS_NO_CATEGORY,NOT_AVAILABLE_SOURCE_HAS_NO_CATEGORY,swallowability,목넘김,easy,삼키기,삼키기,11,1,"중간사이즈 고구마가 품절이고 특대가 바로 배송해준다고하여 주문했는데 배송도 너~무 오래 걸렸고, 처음 받자마자 사이즈는 남자어른 팔뚝만해서 놀랐고, 압력솥으로 삶았는데 섬유질이 너무 많아 삼키기어려운 정도여서 삶은거 다 버렸네요.",알사이즈도 삼키기에 너무좋아요,알약이 너무 크지 않아서 삼키기 좋아요! 뜯기도 편하고 작아서 보관하기도 좋아요😊,너무 커서 삼키기 힘들고 효과는 그저그래요,약이 너무 커서 삼키기 버거워요....,1:2|2:5|3:0|4:1|5:5,KOREAN_SHOPPING_REVIEW_EXPRESSION_REFERENCE,PENDING_REVIEW,APPROVE_ALIAS,CONTEXT_AMBIGUOUS;MEDICAL_OUTCOME;TOO_SHORT,CONTEXT_AMBIGUOUS|MEDICAL_OUTCOME|TOO_SHORT,,HIGH,
10,NOT_AVAILABLE_SOURCE_HAS_NO_CATEGORY,NOT_AVAILABLE_SOURCE_HAS_NO_CATEGORY,tablet_size,정제 크기,large,큰 알,큰 알,2,1,유산균이 면역력 기본이라서 구입했어요. 큰 알약 잘 못 먹는데 작아서 좋아요,"디자인은 이뻤는데, 오메가3처럼 사이즈가 좀 큰 알약은 두개 넣으면 안 닫히더라구요ㅠㅠ 그래도 꾸역꾸역 넣었는데 여행간 지 하루만에 케이스가 깨졌습니다...사실 분들은 꼭 하나씩만 넣으시길 추천드려요!",통통하고 큰 알밤이 아주 먹음직스럽넹ㆍ느~,,,1:0|2:1|3:0|4:1|5:1,KOREAN_SHOPPING_REVIEW_EXPRESSION_REFERENCE,PENDING_REVIEW,APPROVE_ALIAS,CONTEXT_AMBIGUOUS;MEDICAL_OUTCOME;TOO_SHORT,CONTEXT_AMBIGUOUS|MEDICAL_OUTCOME|TOO_SHORT,,HIGH,
11,NOT_AVAILABLE_SOURCE_HAS_NO_CATEGORY,NOT_AVAILABLE_SOURCE_HAS_NO_CATEGORY,tablet_size,정제 크기,small,큰 알,큰 알,2,1,유산균이 면역력 기본이라서 구입했어요. 큰 알약 잘 못 먹는데 작아서 좋아요,"디자인은 이뻤는데, 오메가3처럼 사이즈가 좀 큰 알약은 두개 넣으면 안 닫히더라구요ㅠㅠ 그래도 꾸역꾸역 넣었는데 여행간 지 하루만에 케이스가 깨졌습니다...사실 분들은 꼭 하나씩만 넣으시길 추천드려요!",통통하고 큰 알밤이 아주 먹음직스럽넹ㆍ느~,,,1:0|2:1|3:0|4:1|5:1,KOREAN_SHOPPING_REVIEW_EXPRESSION_REFERENCE,PENDING_REVIEW,NEEDS_REVIEW,candidate_expression은 유효해 보이나 value_candidate가 실제 의미와 불일치함,CONTEXT_AMBIGUOUS|MEDICAL_OUTCOME|TOO_SHORT,,HIGH,large
12,NOT_AVAILABLE_SOURCE_HAS_NO_CATEGORY,NOT_AVAILABLE_SOURCE_HAS_NO_CATEGORY,taste,맛,bitter,맛,맛이,3238,0.5,닭 특유의 비린 맛이 나서 별로요 ㅠㅠ,상품평을 보고 맛이 없다는걸 알고 샀으나..맛이 없긴하네요~아이가 먹어보고 싶다고 해서 샀는데..안에 액체만 쏙~먹고 병모양은 몇번 씹어보더니 인제 씹지도 않아요..ㅋㅋ 한번쯤 재미로 샀다고 생각하고 넘어갈려고해도 가격이 비싸긴해요~^^;;;,리뷰가너무좋아서 구매했어요.외관케이스랑은 너무깔큼하고있는데 치약이좀쓴편이에요.첫맛부터끝까지쓴맛이너무써서 저랑신랑아이들이랑은안맞는거같아요ㅜㅜ,"재구매 편의점에서 작은 상자에 들어있는걸로 먹어봤는데 너무 맛있어서 직접 검색해서 벌써 세번째인가 그러네요.,.,^^ 먹을때마다 맛있고 질리지않는 맛이라 너무 좋아요.,",신맛이 나요.. 무친지 좀 오래된듯해요.. 산거 후회합니다. 다 버려야 할듯 해요,1:782|2:1502|3:0|4:249|5:762,KOREAN_SHOPPING_REVIEW_EXPRESSION_REFERENCE,PENDING_REVIEW,NEEDS_REVIEW,CONTEXT_AMBIGUOUS;TOO_GENERIC;TOO_SHORT,CONTEXT_AMBIGUOUS|TOO_GENERIC|TOO_SHORT,,NORMAL,taste
13,NOT_AVAILABLE_SOURCE_HAS_NO_CATEGORY,NOT_AVAILABLE_SOURCE_HAS_NO_CATEGORY,tablet_size,정제 크기,large,사이즈,사이즈가,1788,0.75,사이즈가 딱이에요!! 오자마자 쪄 먹엇는뎅 달디달아요,고구마가 외이케 말랏나요 저나하려다 바빠깜팍 햇는데 서너번 주문한적잇는데 이런적업엇는데 그리고사이즈가 이정도면 중 이 아니라 긴 중 아닌가요,특상을 주문했는데 중간사이즈가 많아요. 종이컵안에 쏙 들어가는 사이즈도 많이 들어있어요,배송은 시간딱 맞춰서 5일만에 와주셨네요 사이즈가 약간 작은부위도있는데 티어나오는 부위가 있네요..,중간사이즈가 중간사이즈가 아니고 완전 소자입니다. 대자하고 같이 주문했는데 너무 작아서 서비스인줄 알았다가 깜짝 놀랐습니다. 박카스 뚜껑 크기도 안됩니다,1:367|2:966|3:0|4:218|5:384,KOREAN_SHOPPING_REVIEW_EXPRESSION_REFERENCE,PENDING_REVIEW,NEEDS_REVIEW,candidate_expression은 유효해 보이나 value_candidate가 실제 의미와 불일치함,CONTEXT_AMBIGUOUS|TOO_GENERIC,,NORMAL,size
14,NOT_AVAILABLE_SOURCE_HAS_NO_CATEGORY,NOT_AVAILABLE_SOURCE_HAS_NO_CATEGORY,tablet_size,정제 크기,small,사이즈,사이즈가,1788,0.75,사이즈가 딱이에요!! 오자마자 쪄 먹엇는뎅 달디달아요,고구마가 외이케 말랏나요 저나하려다 바빠깜팍 햇는데 서너번 주문한적잇는데 이런적업엇는데 그리고사이즈가 이정도면 중 이 아니라 긴 중 아닌가요,특상을 주문했는데 중간사이즈가 많아요. 종이컵안에 쏙 들어가는 사이즈도 많이 들어있어요,배송은 시간딱 맞춰서 5일만에 와주셨네요 사이즈가 약간 작은부위도있는데 티어나오는 부위가 있네요..,중간사이즈가 중간사이즈가 아니고 완전 소자입니다. 대자하고 같이 주문했는데 너무 작아서 서비스인줄 알았다가 깜짝 놀랐습니다. 박카스 뚜껑 크기도 안됩니다,1:367|2:966|3:0|4:218|5:384,KOREAN_SHOPPING_REVIEW_EXPRESSION_REFERENCE,PENDING_REVIEW,NEEDS_REVIEW,candidate_expression은 유효해 보이나 value_candidate가 실제 의미와 불일치함,CONTEXT_AMBIGUOUS|TOO_GENERIC,,NORMAL,size
15,NOT_AVAILABLE_SOURCE_HAS_NO_CATEGORY,NOT_AVAILABLE_SOURCE_HAS_NO_CATEGORY,packaging,포장,individual_packaging,포장,포장도,1437,0.667,"포장도 하나하나 포장해주시고^^ 다른곳은 레드장몽이라 판매해서 구매해보면 레드가 하나있고 나머지는 전부 레드가 아닌데 여긴 전부 싱싱하고 올레드입니다,, 재구매합니다~~~당도도 좋아요",곱창 냄새안나고 양념도 맛있고 양도 많네요 포장도 꼼꼼하구요~,10일만에 배송되어 너무 오래 기다려 별 1개 뺐어요. 유효기간도 2023년까지라 좋고 포장도 꼼꼼하게 잘 되어 왔네요~,포장도 잘되서 잘 왓네요!!,순정보다 확실히 밝아요 시인성 좋은거 같아요 포장도 꼼꼼이 잘해서 왔구요 배송도 빨랐어요,1:119|2:202|3:0|4:169|5:1015,KOREAN_SHOPPING_REVIEW_EXPRESSION_REFERENCE,PENDING_REVIEW,NEEDS_REVIEW,candidate_expression은 유효해 보이나 value_candidate가 실제 의미와 불일치함,CONTEXT_AMBIGUOUS|PRODUCT_OR_BRAND_CONTEXT|TOO_GENERIC|TOO_SHORT,,NORMAL,packaging
16,NOT_AVAILABLE_SOURCE_HAS_NO_CATEGORY,NOT_AVAILABLE_SOURCE_HAS_NO_CATEGORY,packaging,포장,portable,포장,포장도,1437,0.667,"포장도 하나하나 포장해주시고^^ 다른곳은 레드장몽이라 판매해서 구매해보면 레드가 하나있고 나머지는 전부 레드가 아닌데 여긴 전부 싱싱하고 올레드입니다,, 재구매합니다~~~당도도 좋아요",곱창 냄새안나고 양념도 맛있고 양도 많네요 포장도 꼼꼼하구요~,10일만에 배송되어 너무 오래 기다려 별 1개 뺐어요. 유효기간도 2023년까지라 좋고 포장도 꼼꼼하게 잘 되어 왔네요~,포장도 잘되서 잘 왓네요!!,순정보다 확실히 밝아요 시인성 좋은거 같아요 포장도 꼼꼼이 잘해서 왔구요 배송도 빨랐어요,1:119|2:202|3:0|4:169|5:1015,KOREAN_SHOPPING_REVIEW_EXPRESSION_REFERENCE,PENDING_REVIEW,NEEDS_REVIEW,candidate_expression은 유효해 보이나 value_candidate가 실제 의미와 불일치함,CONTEXT_AMBIGUOUS|PRODUCT_OR_BRAND_CONTEXT|TOO_GENERIC|TOO_SHORT,,NORMAL,packaging
17,NOT_AVAILABLE_SOURCE_HAS_NO_CATEGORY,NOT_AVAILABLE_SOURCE_HAS_NO_CATEGORY,odor,냄새,fishy,향,향이,1260,0.5,아직 세제는 써보지 않았어요. 섬유유연제는 저에겐 향이 너무나도 진합니다. 100원짜리동전만큼 넣고 사용하고있습니다.,처음엔 향이 좀 쎘는데 잠깐 틀어놓으니까 괜찮아졌어요!! 샤워하고나면 욕실에 좋은 향으로 가득차서 기분이 좋아지네용~~~,온열 지속력은 나쁘지않은데 역시 향이ㅜㅜ,거품이 하도 안나서 되는건가 마는건가 했는데 말리고 나면 또 부드러워지더라구요? 신기... 특히 향이 좋아요. 끝까지 잘 쓸 수 있을 거 같습니다.,향수디자인처럼 매우 고급스러운 남자 향이납니다. 정장 수트입고뿌리면 어울리는 그런향이랄까요 매우 만족입니다. 향도 매우 오래가요,1:192|2:473|3:0|4:146|5:537,KOREAN_SHOPPING_REVIEW_EXPRESSION_REFERENCE,PENDING_REVIEW,NEEDS_REVIEW,candidate_expression은 유효해 보이나 value_candidate가 실제 의미와 불일치함,CONTEXT_AMBIGUOUS|PRODUCT_OR_BRAND_CONTEXT|TOO_GENERIC|TOO_SHORT,,NORMAL,smell
18,NOT_AVAILABLE_SOURCE_HAS_NO_CATEGORY,NOT_AVAILABLE_SOURCE_HAS_NO_CATEGORY,taste,맛,bitter,맛,맛은,1229,0.5,양은 많은데 맛은 없었습니다,제품에 하자는 없으나...기대가 너무 컸나봐요... 별로 맛은 없네요....,맛은 아직 안봐서 모르겟는데 유통기한이 너무 임박이에요;; 이제 곧 4월인데 6월12일까지 다 먹어야합니다 제조한지 9개월된 상품을 보내는건 너무하신거 아닌지..? 맛있으면 재구매할때 정말 고민되겠어요,유통기간이 안나와있어요 맛은 있지만 제가 생각했던맛은 아니네요ㅠ 예전에 오프라인에서 먹던 노니과자는 노니맛이 짙어서 손이계속가고 맛있었던 기억에 그 맛 생각하고 구입했습니다 근데 노니맛이 너무 적은것같고 노니색만 있는 과자같아요..,가격이 좀 올랐네요. 맛은 좋아요,1:192|2:608|3:0|4:181|5:280,KOREAN_SHOPPING_REVIEW_EXPRESSION_REFERENCE,PENDING_REVIEW,NEEDS_REVIEW,candidate_expression은 유효해 보이나 value_candidate가 실제 의미와 불일치함,CONTEXT_AMBIGUOUS|PRODUCT_OR_BRAND_CONTEXT|TOO_GENERIC|TOO_SHORT,,NORMAL,taste
19,NOT_AVAILABLE_SOURCE_HAS_NO_CATEGORY,NOT_AVAILABLE_SOURCE_HAS_NO_CATEGORY,packaging,포장,individual_packaging,포장,포장이,953,0.667,배송이 빠르고 깔끔한 포장이예요,상품포장이 바뀐건가요?,포장이랑 시계가 너무너무 이뻐요,포장이바뀌었으먼미리공지를해주시지..,낱개포장이아니네요 아쉬워요,1:210|2:384|3:0|4:98|5:286,KOREAN_SHOPPING_REVIEW_EXPRESSION_REFERENCE,PENDING_REVIEW,NEEDS_REVIEW,candidate_expression은 유효해 보이나 value_candidate가 실제 의미와 불일치함,CONTEXT_AMBIGUOUS|TOO_GENERIC|TOO_SHORT,,NORMAL,packaging
20,NOT_AVAILABLE_SOURCE_HAS_NO_CATEGORY,NOT_AVAILABLE_SOURCE_HAS_NO_CATEGORY,packaging,포장,portable,포장,포장이,953,0.667,배송이 빠르고 깔끔한 포장이예요,상품포장이 바뀐건가요?,포장이랑 시계가 너무너무 이뻐요,포장이바뀌었으먼미리공지를해주시지..,낱개포장이아니네요 아쉬워요,1:210|2:384|3:0|4:98|5:286,KOREAN_SHOPPING_REVIEW_EXPRESSION_REFERENCE,PENDING_REVIEW,NEEDS_REVIEW,candidate_expression은 유효해 보이나 value_candidate가 실제 의미와 불일치함,CONTEXT_AMBIGUOUS|TOO_GENERIC|TOO_SHORT,,NORMAL,packaging
21,NOT_AVAILABLE_SOURCE_HAS_NO_CATEGORY,NOT_AVAILABLE_SOURCE_HAS_NO_CATEGORY,odor,냄새,fishy,냄새,냄새가 나,266,0.5,별로.. 오자마자 다뜯어서 봉지걸고 화장실에 놓고보니 뚜껑 한부분이 조금 부서졌는데 이미 다뜯어서 그냥 썼어요. 근데 뚜껑 닫을때도 힘줘서 닫아야해서 불편하고 밀폐도 그닥이에여 ㅠ 애기 똥 기저귀도 없는데 쿰쿰한? 냄새가 나네요 ㅠㅠ,부모님 선물로 드렸는데 삶고나서 상한 냄새가 나서 못먹고 버렸네요.. 알은 엄청 꽉 찼던데 ㅠㅠ,많이고민하고 고른 상품인데 냄새가 나서 아이들이 안쓰네요.ㅠㅠ 저도 냄새에민감해서 못쓰고 있구요. 좋은상품인데 냄새 덜나게는 안되는걸까요..,열어봤는데 냄새가 나쁘지도 않고 벌써 쓰는게 기대됩니다!,사이즈가 커서 피부 쓸림이 있구요. 빨아도 특유에 냄새가 나요.,1:81|2:152|3:0|4:27|5:39,KOREAN_SHOPPING_REVIEW_EXPRESSION_REFERENCE,PENDING_REVIEW,APPROVE_ALIAS,,CONTEXT_AMBIGUOUS,,NORMAL,odor
22,NOT_AVAILABLE_SOURCE_HAS_NO_CATEGORY,NOT_AVAILABLE_SOURCE_HAS_NO_CATEGORY,taste,맛,bitter,쓴맛,단맛,245,0.333,박스를 열었을때는 알이 굵고 애기 머리통만한 고구마라 좋아라했어요. 구워먹으려고 자르는 순간 표면이 까맣게 변했고 굽고 나니까 속이 까매진게 보이네요. 단맛도 안나고 약간 쓴맛 같은게 나서 속상하네요.,에어프라이어에 구워 먹을려고 샀는데단맛도 없고 텁텁한게 맛없네요. 여지껏 사먹은 고구마중 제일 맛없어요. 다신 안사먹고 싶네요. 어떻게 처리해야할지ㅜㅜ,좀 단맛이 강해서 경상도맛이랑은 좀 먼듯,부드럽고 맛있었어요 받자마자 마시는거도 며칠 더 숙성시켜 마시니 단맛도 올라오고 더 취향에 맞네요 만족합니다,임신해서 한번 주문해봤어요!! 단맛이 안들어간 맛을 좋아해서 꾸준히 잘 먹어볼 생각입니다.,1:50|2:116|3:0|4:26|5:54,KOREAN_SHOPPING_REVIEW_EXPRESSION_REFERENCE,PENDING_REVIEW,REJECT_DIFFERENT_MEANING,CONTEXT_AMBIGUOUS;TOO_SHORT,CONTEXT_AMBIGUOUS|TOO_SHORT,,NORMAL,
23,NOT_AVAILABLE_SOURCE_HAS_NO_CATEGORY,NOT_AVAILABLE_SOURCE_HAS_NO_CATEGORY,odor,냄새,fishy,비린내,비린내,234,1,야채다상하고 짓물러져있고 과메기에 비린내가 나는건알지만 그정도로 심하게 날줄은 정말상상을못했네요 제꺼만그랬던건지몰라도 저는 진짜최악이였습니다,재구매 꾸준히 이용중입니다. 급해동???은 해보지않아서 모르겠지만 냉장실에서 천천히 해동해서 닭강정이나 닭갈비같은거 해먹으면 비린내도 없고 부드럽습니다. 물론 껍질이나 기름같은거는 어느정도 손질했구요...,비린내가 없고 제품이 좋습니다,아이가 먹고싶어해서 주문했는데요. 맛도 별로이고 비린내 나는것도 있어요. 추가주문은 안할거 같습니다,비린내 좀 심하네요 ㅠㅠ 굽다가 냄새가 심해서 속 안좋아서 그냥 다 갖다 버렸어요,1:78|2:117|3:0|4:11|5:33,KOREAN_SHOPPING_REVIEW_EXPRESSION_REFERENCE,PENDING_REVIEW,APPROVE_ALIAS,CONTEXT_AMBIGUOUS;TOO_SHORT,CONTEXT_AMBIGUOUS|TOO_SHORT,,NORMAL,
24,NOT_AVAILABLE_SOURCE_HAS_NO_CATEGORY,NOT_AVAILABLE_SOURCE_HAS_NO_CATEGORY,odor,냄새,fishy,냄새,냄새가 안,106,0.5,배송은 마음에 듭니다만 상품은 냄새 어쩔꺼예요. 별의별 짓을 다해도 냄새가 안빠짐. 토하겠음 ㅜㅜ,케이스는 예쁜데 화학냄새가 너무 심해서 휴지에 베이고 주변에 있으니 머리가 아프더라구요.. 냄새 빼려고 빨기도 하고 햇빛에도 말렸었는데 한달이 지나도 냄새가 안빠져서 사용안하고 있어요ㅠㅠ,구매후 세탁하고 말렸는데..이상한 냄새.. 한달 그늘에서 널어놓았는데 냄새가 안없어져요.. 뭐 이런 상품이있는지.. 정말 돈아까워 죽겠어요.. 모던하우스 가보니 얼마차이 안나는 가격에 좋은게 있더라고요.. 정말 후회됩니다,냄새나요 빨래해도 냄새가 안가셔요,홈스프레니용으로 삿는데 향이너무 약해서 아무냄새가 안나네용 ㅜㅜ,1:45|2:47|3:0|4:7|5:15,KOREAN_SHOPPING_REVIEW_EXPRESSION_REFERENCE,PENDING_REVIEW,REJECT_DIFFERENT_MEANING,CONTEXT_AMBIGUOUS,CONTEXT_AMBIGUOUS,,NORMAL,odor
25,NOT_AVAILABLE_SOURCE_HAS_NO_CATEGORY,NOT_AVAILABLE_SOURCE_HAS_NO_CATEGORY,taste,맛,bitter,쓴맛,쓴맛,100,1,리뷰가너무좋아서 구매했어요.외관케이스랑은 너무깔큼하고있는데 치약이좀쓴편이에요.첫맛부터끝까지쓴맛이너무써서 저랑신랑아이들이랑은안맞는거같아요ㅜㅜ,박스를 열었을때는 알이 굵고 애기 머리통만한 고구마라 좋아라했어요. 구워먹으려고 자르는 순간 표면이 까맣게 변했고 굽고 나니까 속이 까매진게 보이네요. 단맛도 안나고 약간 쓴맛 같은게 나서 속상하네요.,미니양배추는 너무쓴맛이 나구요..컬리플라워도같이 샀는데 냉동식품이라 그런지 흐물 흐물 한 감이 있음.,막창대창염통 괜찮아요. 곱창 써요. 4덩어리쯤 들었는데 어느걸 먹어도 쓴맛이남.. 두봉 시켰는데 한봉지는 냉동실에 봉인해뒀어요... 콩가루도 꼭 시키라길래 넉넉히 시켰는데 그냥 콩가루맛..,냄새도 안나고 후기에 쓴맛이 난다길래 좀걱정했는데전혀 없어요 아이들도 너무 잘먹고 정말 밖에나가 비싼 돈주고 먹을 필요가 없네요 그래서 먹은지 하루만에 재주문 합니다 완전최고 !,1:30|2:55|3:0|4:7|5:8,KOREAN_SHOPPING_REVIEW_EXPRESSION_REFERENCE,PENDING_REVIEW,APPROVE_ALIAS,CONTEXT_AMBIGUOUS;TOO_SHORT,CONTEXT_AMBIGUOUS|TOO_SHORT,,NORMAL,taste
26,NOT_AVAILABLE_SOURCE_HAS_NO_CATEGORY,NOT_AVAILABLE_SOURCE_HAS_NO_CATEGORY,product_form,제형,capsule,정제,정제,53,1,가죽세정제. 좋은거같아요. 차안에 손자국도 잘닦여요,강추 원래 비정제 원당을 사용하다가 이번에 천연당으로 바꾸었는데 어 좋은것 같네요 적극 추천 권장합니다,그냥 보통 손세정제 수준에 코로나 때문인지 몰라도 배송이 좀 오래 걸림,잠금버튼터치안하면 근처만가도 거품이 자동으로 나와요. 그래서 별하나 뺐어요. 안에 있던 세정제 빼기 힘들어 네이버검색해보고 했어요.,한달사용 리뷰쓰기 닫기 상품이미지 [스마트스토어] 그린그램 [새해복많이받으세요] 그린그램 칼슘파우더 과일세정제 자연 유래 성분 살균소독제 선택: 2.그린그램 칼슘파우더 2개,1:13|2:19|3:0|4:6|5:21,KOREAN_SHOPPING_REVIEW_EXPRESSION_REFERENCE,PENDING_REVIEW,NEEDS_REVIEW,candidate_expression은 유효해 보이나 value_candidate가 실제 의미와 불일치함,CONTEXT_AMBIGUOUS|TOO_SHORT,,NORMAL,tablet
27,NOT_AVAILABLE_SOURCE_HAS_NO_CATEGORY,NOT_AVAILABLE_SOURCE_HAS_NO_CATEGORY,product_form,제형,liquid,정제,정제,53,1,가죽세정제. 좋은거같아요. 차안에 손자국도 잘닦여요,강추 원래 비정제 원당을 사용하다가 이번에 천연당으로 바꾸었는데 어 좋은것 같네요 적극 추천 권장합니다,그냥 보통 손세정제 수준에 코로나 때문인지 몰라도 배송이 좀 오래 걸림,잠금버튼터치안하면 근처만가도 거품이 자동으로 나와요. 그래서 별하나 뺐어요. 안에 있던 세정제 빼기 힘들어 네이버검색해보고 했어요.,한달사용 리뷰쓰기 닫기 상품이미지 [스마트스토어] 그린그램 [새해복많이받으세요] 그린그램 칼슘파우더 과일세정제 자연 유래 성분 살균소독제 선택: 2.그린그램 칼슘파우더 2개,1:13|2:19|3:0|4:6|5:21,KOREAN_SHOPPING_REVIEW_EXPRESSION_REFERENCE,PENDING_REVIEW,NEEDS_REVIEW,candidate_expression은 유효해 보이나 value_candidate가 실제 의미와 불일치함,CONTEXT_AMBIGUOUS|TOO_SHORT,,NORMAL,tablet
28,NOT_AVAILABLE_SOURCE_HAS_NO_CATEGORY,NOT_AVAILABLE_SOURCE_HAS_NO_CATEGORY,product_form,제형,powder,정제,정제,53,1,가죽세정제. 좋은거같아요. 차안에 손자국도 잘닦여요,강추 원래 비정제 원당을 사용하다가 이번에 천연당으로 바꾸었는데 어 좋은것 같네요 적극 추천 권장합니다,그냥 보통 손세정제 수준에 코로나 때문인지 몰라도 배송이 좀 오래 걸림,잠금버튼터치안하면 근처만가도 거품이 자동으로 나와요. 그래서 별하나 뺐어요. 안에 있던 세정제 빼기 힘들어 네이버검색해보고 했어요.,한달사용 리뷰쓰기 닫기 상품이미지 [스마트스토어] 그린그램 [새해복많이받으세요] 그린그램 칼슘파우더 과일세정제 자연 유래 성분 살균소독제 선택: 2.그린그램 칼슘파우더 2개,1:13|2:19|3:0|4:6|5:21,KOREAN_SHOPPING_REVIEW_EXPRESSION_REFERENCE,PENDING_REVIEW,NEEDS_REVIEW,candidate_expression은 유효해 보이나 value_candidate가 실제 의미와 불일치함,CONTEXT_AMBIGUOUS|TOO_SHORT,,NORMAL,tablet
29,NOT_AVAILABLE_SOURCE_HAS_NO_CATEGORY,NOT_AVAILABLE_SOURCE_HAS_NO_CATEGORY,product_form,제형,tablet,정제,정제,53,1,가죽세정제. 좋은거같아요. 차안에 손자국도 잘닦여요,강추 원래 비정제 원당을 사용하다가 이번에 천연당으로 바꾸었는데 어 좋은것 같네요 적극 추천 권장합니다,그냥 보통 손세정제 수준에 코로나 때문인지 몰라도 배송이 좀 오래 걸림,잠금버튼터치안하면 근처만가도 거품이 자동으로 나와요. 그래서 별하나 뺐어요. 안에 있던 세정제 빼기 힘들어 네이버검색해보고 했어요.,한달사용 리뷰쓰기 닫기 상품이미지 [스마트스토어] 그린그램 [새해복많이받으세요] 그린그램 칼슘파우더 과일세정제 자연 유래 성분 살균소독제 선택: 2.그린그램 칼슘파우더 2개,1:13|2:19|3:0|4:6|5:21,KOREAN_SHOPPING_REVIEW_EXPRESSION_REFERENCE,PENDING_REVIEW,APPROVE_ALIAS,,CONTEXT_AMBIGUOUS|TOO_SHORT,,NORMAL,tablet
30,NOT_AVAILABLE_SOURCE_HAS_NO_CATEGORY,NOT_AVAILABLE_SOURCE_HAS_NO_CATEGORY,product_form,제형,capsule,알약,알약,48,1,그린프로폴리스 찾으셔서 인터넷 검색하다 평이 좋아서 구입했어요. 알크기도 적당하고 톡터지는 액상 아니고 일반 알약이라 더 좋아하시네요. 한달 먹어보고 괜찮으면 계속 구입할려구요.,알약 작아서 잘 못드시는분 드시면 좋을거같아여,친구추천으로 구매해봤어요! 알약이 좀 크긴한데 그래도 잘 넘어가는거같아요 ㅎㅎ또구매할게요,알약 크기 적당하고 뚜껑 열면 약간 달달한 향이 나서 물론 맛은 안 나지만 ㅎㅎ 먹을 때 기분 좋아요. 워낙 유명한 제품이니 꾸준히 먹어보겠습니다.,섭취시 알약이 작은데도 불구하고 얹힌것마냥 더부룩하고 목에 걸린느낌이 지속됨.. 물배만참,1:12|2:9|3:0|4:8|5:32,KOREAN_SHOPPING_REVIEW_EXPRESSION_REFERENCE,PENDING_REVIEW,APPROVE_ALIAS,,CONTEXT_AMBIGUOUS|TOO_SHORT,,NORMAL,
31,NOT_AVAILABLE_SOURCE_HAS_NO_CATEGORY,NOT_AVAILABLE_SOURCE_HAS_NO_CATEGORY,product_form,제형,liquid,알약,알약,48,1,그린프로폴리스 찾으셔서 인터넷 검색하다 평이 좋아서 구입했어요. 알크기도 적당하고 톡터지는 액상 아니고 일반 알약이라 더 좋아하시네요. 한달 먹어보고 괜찮으면 계속 구입할려구요.,알약 작아서 잘 못드시는분 드시면 좋을거같아여,친구추천으로 구매해봤어요! 알약이 좀 크긴한데 그래도 잘 넘어가는거같아요 ㅎㅎ또구매할게요,알약 크기 적당하고 뚜껑 열면 약간 달달한 향이 나서 물론 맛은 안 나지만 ㅎㅎ 먹을 때 기분 좋아요. 워낙 유명한 제품이니 꾸준히 먹어보겠습니다.,섭취시 알약이 작은데도 불구하고 얹힌것마냥 더부룩하고 목에 걸린느낌이 지속됨.. 물배만참,1:12|2:9|3:0|4:8|5:32,KOREAN_SHOPPING_REVIEW_EXPRESSION_REFERENCE,PENDING_REVIEW,NEEDS_REVIEW,candidate_expression은 유효해 보이나 value_candidate가 실제 의미와 불일치함,CONTEXT_AMBIGUOUS|TOO_SHORT,,NORMAL,capsule
32,NOT_AVAILABLE_SOURCE_HAS_NO_CATEGORY,NOT_AVAILABLE_SOURCE_HAS_NO_CATEGORY,product_form,제형,powder,알약,알약,48,1,그린프로폴리스 찾으셔서 인터넷 검색하다 평이 좋아서 구입했어요. 알크기도 적당하고 톡터지는 액상 아니고 일반 알약이라 더 좋아하시네요. 한달 먹어보고 괜찮으면 계속 구입할려구요.,알약 작아서 잘 못드시는분 드시면 좋을거같아여,친구추천으로 구매해봤어요! 알약이 좀 크긴한데 그래도 잘 넘어가는거같아요 ㅎㅎ또구매할게요,알약 크기 적당하고 뚜껑 열면 약간 달달한 향이 나서 물론 맛은 안 나지만 ㅎㅎ 먹을 때 기분 좋아요. 워낙 유명한 제품이니 꾸준히 먹어보겠습니다.,섭취시 알약이 작은데도 불구하고 얹힌것마냥 더부룩하고 목에 걸린느낌이 지속됨.. 물배만참,1:12|2:9|3:0|4:8|5:32,KOREAN_SHOPPING_REVIEW_EXPRESSION_REFERENCE,PENDING_REVIEW,NEEDS_REVIEW,candidate_expression은 유효해 보이나 value_candidate가 실제 의미와 불일치함,CONTEXT_AMBIGUOUS|TOO_SHORT,,NORMAL,capsule
33,NOT_AVAILABLE_SOURCE_HAS_NO_CATEGORY,NOT_AVAILABLE_SOURCE_HAS_NO_CATEGORY,product_form,제형,tablet,알약,알약,48,1,그린프로폴리스 찾으셔서 인터넷 검색하다 평이 좋아서 구입했어요. 알크기도 적당하고 톡터지는 액상 아니고 일반 알약이라 더 좋아하시네요. 한달 먹어보고 괜찮으면 계속 구입할려구요.,알약 작아서 잘 못드시는분 드시면 좋을거같아여,친구추천으로 구매해봤어요! 알약이 좀 크긴한데 그래도 잘 넘어가는거같아요 ㅎㅎ또구매할게요,알약 크기 적당하고 뚜껑 열면 약간 달달한 향이 나서 물론 맛은 안 나지만 ㅎㅎ 먹을 때 기분 좋아요. 워낙 유명한 제품이니 꾸준히 먹어보겠습니다.,섭취시 알약이 작은데도 불구하고 얹힌것마냥 더부룩하고 목에 걸린느낌이 지속됨.. 물배만참,1:12|2:9|3:0|4:8|5:32,KOREAN_SHOPPING_REVIEW_EXPRESSION_REFERENCE,PENDING_REVIEW,NEEDS_REVIEW,candidate_expression은 유효해 보이나 value_candidate가 실제 의미와 불일치함,CONTEXT_AMBIGUOUS|TOO_SHORT,,NORMAL,capsule
34,NOT_AVAILABLE_SOURCE_HAS_NO_CATEGORY,NOT_AVAILABLE_SOURCE_HAS_NO_CATEGORY,intake_convenience,섭취 편의성,convenient,간편하게 먹,간편하게 먹,42,1,간편하게 먹을수 있어서 너무 좋아요,임신초기라 마땅히 땡기는 것도 없고 공복에 속도 쓰리고 하여 간편하게 먹을 수 있어서 주문해봤는데 엄청 맛있어요 ^^,여름이라 아이스커피 많이 먹는데 간편하게 먹을수있어서 너무좋아요 커피 완전진해서 조금만 타도됩니당,재구매 간편하게 먹일 수 있어 좋아요 자주 주문합니다,재구매 여름에 간편하게 먹기딱좋아요,1:1|2:1|3:0|4:6|5:34,KOREAN_SHOPPING_REVIEW_EXPRESSION_REFERENCE,PENDING_REVIEW,APPROVE_ALIAS,,,,NORMAL,
35,NOT_AVAILABLE_SOURCE_HAS_NO_CATEGORY,NOT_AVAILABLE_SOURCE_HAS_NO_CATEGORY,intake_convenience,섭취 편의성,inconvenient,간편하게 먹,간편하게 먹,42,1,간편하게 먹을수 있어서 너무 좋아요,임신초기라 마땅히 땡기는 것도 없고 공복에 속도 쓰리고 하여 간편하게 먹을 수 있어서 주문해봤는데 엄청 맛있어요 ^^,여름이라 아이스커피 많이 먹는데 간편하게 먹을수있어서 너무좋아요 커피 완전진해서 조금만 타도됩니당,재구매 간편하게 먹일 수 있어 좋아요 자주 주문합니다,재구매 여름에 간편하게 먹기딱좋아요,1:1|2:1|3:0|4:6|5:34,KOREAN_SHOPPING_REVIEW_EXPRESSION_REFERENCE,PENDING_REVIEW,NEEDS_REVIEW,,,,NORMAL,convenient
36,NOT_AVAILABLE_SOURCE_HAS_NO_CATEGORY,NOT_AVAILABLE_SOURCE_HAS_NO_CATEGORY,tablet_size,정제 크기,large,알이 작,알이 작,42,1,포장은 잘되어 있더라구요 깨진 계란 하나도 없고 근데 알아 너무 작네여 일반 계란이랑 비교했는데 너무 조그매서 매추리알같네요 진짜 왜이렇게 알이 작나요???? 진짜 산거 후회해요,재구매 오늘 다시 재구매는 하였고 지난상품 후기를 지금 씁니다만 두어번 구매했을 때보다 알이 작아진거 같았습니다.맛은 좋았습니다.,조금더 알이 작았으면ㅇ하는 아쉬움이 있네요,가죽시계 알아보다가 아이그너 시계가 깔끔하고 마음에 들어서 주문했습니다~ 시계알이 작은걸 좋아하는 편이라 손목에 딱 적당한 크기라 좋고 여기저기 잘 하고 다닐거 같아요~ 판매자분도 친절하고 신경 많이 써주셔서 좋았어요~ 감사합니다~,알이 작아서 넘김이 좋네요,1:5|2:24|3:0|4:2|5:13,KOREAN_SHOPPING_REVIEW_EXPRESSION_REFERENCE,PENDING_REVIEW,NEEDS_REVIEW,candidate_expression은 유효해 보이나 value_candidate가 실제 의미와 불일치함,CONTEXT_AMBIGUOUS|TOO_SHORT,,NORMAL,small
37,NOT_AVAILABLE_SOURCE_HAS_NO_CATEGORY,NOT_AVAILABLE_SOURCE_HAS_NO_CATEGORY,tablet_size,정제 크기,small,알이 작,알이 작,42,1,포장은 잘되어 있더라구요 깨진 계란 하나도 없고 근데 알아 너무 작네여 일반 계란이랑 비교했는데 너무 조그매서 매추리알같네요 진짜 왜이렇게 알이 작나요???? 진짜 산거 후회해요,재구매 오늘 다시 재구매는 하였고 지난상품 후기를 지금 씁니다만 두어번 구매했을 때보다 알이 작아진거 같았습니다.맛은 좋았습니다.,조금더 알이 작았으면ㅇ하는 아쉬움이 있네요,가죽시계 알아보다가 아이그너 시계가 깔끔하고 마음에 들어서 주문했습니다~ 시계알이 작은걸 좋아하는 편이라 손목에 딱 적당한 크기라 좋고 여기저기 잘 하고 다닐거 같아요~ 판매자분도 친절하고 신경 많이 써주셔서 좋았어요~ 감사합니다~,알이 작아서 넘김이 좋네요,1:5|2:24|3:0|4:2|5:13,KOREAN_SHOPPING_REVIEW_EXPRESSION_REFERENCE,PENDING_REVIEW,APPROVE_ALIAS,,CONTEXT_AMBIGUOUS|TOO_SHORT,,NORMAL,
38,NOT_AVAILABLE_SOURCE_HAS_NO_CATEGORY,NOT_AVAILABLE_SOURCE_HAS_NO_CATEGORY,product_form,제형,capsule,분말,분말,37,1,분말이 고아서 쓰기좋아요 아이 양치질용으로 아이 사탕용으로 잘 쓰고 있어요 감사합니다^^,어떤 후기에서본거같은데... 그분말처럼 실사용해보니 카샴푸 워시 시 너무 무거워요 손을 잡을때가 없어요 계속 미끄러져요,분말가루가 너무 미세하여 사용할때마다 너무 가루먼지가 발생함,분말이 아닌데 제목에는 분말이라 되어있네요. 제목 수정이 필요할 것 같습니다.,분말차 샀다가 최다 버리고 추출차로 했더니 역시 좋군요~~맛이 부드러워요~,1:11|2:13|3:0|4:2|5:16,KOREAN_SHOPPING_REVIEW_EXPRESSION_REFERENCE,PENDING_REVIEW,NEEDS_REVIEW,candidate_expression은 유효해 보이나 value_candidate가 실제 의미와 불일치함,CONTEXT_AMBIGUOUS|TOO_SHORT,,NORMAL,powder
39,NOT_AVAILABLE_SOURCE_HAS_NO_CATEGORY,NOT_AVAILABLE_SOURCE_HAS_NO_CATEGORY,product_form,제형,liquid,분말,분말,37,1,분말이 고아서 쓰기좋아요 아이 양치질용으로 아이 사탕용으로 잘 쓰고 있어요 감사합니다^^,어떤 후기에서본거같은데... 그분말처럼 실사용해보니 카샴푸 워시 시 너무 무거워요 손을 잡을때가 없어요 계속 미끄러져요,분말가루가 너무 미세하여 사용할때마다 너무 가루먼지가 발생함,분말이 아닌데 제목에는 분말이라 되어있네요. 제목 수정이 필요할 것 같습니다.,분말차 샀다가 최다 버리고 추출차로 했더니 역시 좋군요~~맛이 부드러워요~,1:11|2:13|3:0|4:2|5:16,KOREAN_SHOPPING_REVIEW_EXPRESSION_REFERENCE,PENDING_REVIEW,NEEDS_REVIEW,candidate_expression은 유효해 보이나 value_candidate가 실제 의미와 불일치함,CONTEXT_AMBIGUOUS|TOO_SHORT,,NORMAL,powder
40,NOT_AVAILABLE_SOURCE_HAS_NO_CATEGORY,NOT_AVAILABLE_SOURCE_HAS_NO_CATEGORY,product_form,제형,powder,분말,분말,37,1,분말이 고아서 쓰기좋아요 아이 양치질용으로 아이 사탕용으로 잘 쓰고 있어요 감사합니다^^,어떤 후기에서본거같은데... 그분말처럼 실사용해보니 카샴푸 워시 시 너무 무거워요 손을 잡을때가 없어요 계속 미끄러져요,분말가루가 너무 미세하여 사용할때마다 너무 가루먼지가 발생함,분말이 아닌데 제목에는 분말이라 되어있네요. 제목 수정이 필요할 것 같습니다.,분말차 샀다가 최다 버리고 추출차로 했더니 역시 좋군요~~맛이 부드러워요~,1:11|2:13|3:0|4:2|5:16,KOREAN_SHOPPING_REVIEW_EXPRESSION_REFERENCE,PENDING_REVIEW,APPROVE_ALIAS,,CONTEXT_AMBIGUOUS|TOO_SHORT,,NORMAL,
41,NOT_AVAILABLE_SOURCE_HAS_NO_CATEGORY,NOT_AVAILABLE_SOURCE_HAS_NO_CATEGORY,product_form,제형,tablet,분말,분말,37,1,분말이 고아서 쓰기좋아요 아이 양치질용으로 아이 사탕용으로 잘 쓰고 있어요 감사합니다^^,어떤 후기에서본거같은데... 그분말처럼 실사용해보니 카샴푸 워시 시 너무 무거워요 손을 잡을때가 없어요 계속 미끄러져요,분말가루가 너무 미세하여 사용할때마다 너무 가루먼지가 발생함,분말이 아닌데 제목에는 분말이라 되어있네요. 제목 수정이 필요할 것 같습니다.,분말차 샀다가 최다 버리고 추출차로 했더니 역시 좋군요~~맛이 부드러워요~,1:11|2:13|3:0|4:2|5:16,KOREAN_SHOPPING_REVIEW_EXPRESSION_REFERENCE,PENDING_REVIEW,NEEDS_REVIEW,candidate_expression은 유효해 보이나 value_candidate가 실제 의미와 불일치함,CONTEXT_AMBIGUOUS|TOO_SHORT,,NORMAL,powder
42,NOT_AVAILABLE_SOURCE_HAS_NO_CATEGORY,NOT_AVAILABLE_SOURCE_HAS_NO_CATEGORY,product_form,제형,capsule,액상,액상,36,1,액상이 많이나오네요,그린프로폴리스 찾으셔서 인터넷 검색하다 평이 좋아서 구입했어요. 알크기도 적당하고 톡터지는 액상 아니고 일반 알약이라 더 좋아하시네요. 한달 먹어보고 괜찮으면 계속 구입할려구요.,액상이화면과틀리다,재구매 꽃샘 꿀유자차 자몽차 매실 모과 침출 액상,ㅠㅠ 이거먹고 설사해여 원래 이런 액상형 아이스티 자주 희석해서먹었는데이것만 먹으면 설사합니다ㅜㅜ유통기한은 문제없는데 뭐가 문젠지 모르겠네요2개시켰는데 다 버렸어요ㅠㅠ,1:11|2:18|3:0|4:2|5:8,KOREAN_SHOPPING_REVIEW_EXPRESSION_REFERENCE,PENDING_REVIEW,NEEDS_REVIEW,candidate_expression은 유효해 보이나 value_candidate가 실제 의미와 불일치함,CONTEXT_AMBIGUOUS|TOO_SHORT,,NORMAL,liquid
43,NOT_AVAILABLE_SOURCE_HAS_NO_CATEGORY,NOT_AVAILABLE_SOURCE_HAS_NO_CATEGORY,product_form,제형,capsule,캡슐,캡슐,36,1,"재구매 가격이 저렴해 그닥 큰 기대없었는데, 크레마도 풍부하도 넘 맛있어서 재구매했어요. 캡슐 색이 좀 촌스러운 것 빼면 모든게 만족스러운 커피 캡슐.^^",워낙 커피를 좋아해서 구매했어요~! 집에 커피머신이 있긴한데 ㅎㅎ 캡슐이 아니라 원두 갈고 내려마시는거라ㅜㅜ 은근 귀찮아서 손이 안가두라구요 결국에는 요거 구매했는데 제 스타일임미다! 돌체가 완저니 제스타일!!,사무실에서 먹다보니 소비가 많아 저렴한 호환캡슐 찾다가 발견했는데 생각보다 괜찮았어요~ 다양하게 주문해서 맛보았답니다.,캡슐 형태로 되어 있어서 먹기 편하고 좋네요,캡슐제형이 아닌 알약형태라 오히려 먹기가 더 편해요. 캡슐제형 특유의 냄새가 없어 더 좋네요,1:8|2:7|3:0|4:7|5:24,KOREAN_SHOPPING_REVIEW_EXPRESSION_REFERENCE,PENDING_REVIEW,APPROVE_ALIAS,,CONTEXT_AMBIGUOUS|TOO_SHORT,,NORMAL,
44,NOT_AVAILABLE_SOURCE_HAS_NO_CATEGORY,NOT_AVAILABLE_SOURCE_HAS_NO_CATEGORY,product_form,제형,liquid,액상,액상,36,1,액상이 많이나오네요,그린프로폴리스 찾으셔서 인터넷 검색하다 평이 좋아서 구입했어요. 알크기도 적당하고 톡터지는 액상 아니고 일반 알약이라 더 좋아하시네요. 한달 먹어보고 괜찮으면 계속 구입할려구요.,액상이화면과틀리다,재구매 꽃샘 꿀유자차 자몽차 매실 모과 침출 액상,ㅠㅠ 이거먹고 설사해여 원래 이런 액상형 아이스티 자주 희석해서먹었는데이것만 먹으면 설사합니다ㅜㅜ유통기한은 문제없는데 뭐가 문젠지 모르겠네요2개시켰는데 다 버렸어요ㅠㅠ,1:11|2:18|3:0|4:2|5:8,KOREAN_SHOPPING_REVIEW_EXPRESSION_REFERENCE,PENDING_REVIEW,APPROVE_ALIAS,,CONTEXT_AMBIGUOUS|TOO_SHORT,,NORMAL,
45,NOT_AVAILABLE_SOURCE_HAS_NO_CATEGORY,NOT_AVAILABLE_SOURCE_HAS_NO_CATEGORY,product_form,제형,liquid,캡슐,캡슐,36,1,"재구매 가격이 저렴해 그닥 큰 기대없었는데, 크레마도 풍부하도 넘 맛있어서 재구매했어요. 캡슐 색이 좀 촌스러운 것 빼면 모든게 만족스러운 커피 캡슐.^^",워낙 커피를 좋아해서 구매했어요~! 집에 커피머신이 있긴한데 ㅎㅎ 캡슐이 아니라 원두 갈고 내려마시는거라ㅜㅜ 은근 귀찮아서 손이 안가두라구요 결국에는 요거 구매했는데 제 스타일임미다! 돌체가 완저니 제스타일!!,사무실에서 먹다보니 소비가 많아 저렴한 호환캡슐 찾다가 발견했는데 생각보다 괜찮았어요~ 다양하게 주문해서 맛보았답니다.,캡슐 형태로 되어 있어서 먹기 편하고 좋네요,캡슐제형이 아닌 알약형태라 오히려 먹기가 더 편해요. 캡슐제형 특유의 냄새가 없어 더 좋네요,1:8|2:7|3:0|4:7|5:24,KOREAN_SHOPPING_REVIEW_EXPRESSION_REFERENCE,PENDING_REVIEW,NEEDS_REVIEW,candidate_expression은 유효해 보이나 value_candidate가 실제 의미와 불일치함,CONTEXT_AMBIGUOUS|TOO_SHORT,,NORMAL,capsule
46,NOT_AVAILABLE_SOURCE_HAS_NO_CATEGORY,NOT_AVAILABLE_SOURCE_HAS_NO_CATEGORY,product_form,제형,powder,액상,액상,36,1,액상이 많이나오네요,그린프로폴리스 찾으셔서 인터넷 검색하다 평이 좋아서 구입했어요. 알크기도 적당하고 톡터지는 액상 아니고 일반 알약이라 더 좋아하시네요. 한달 먹어보고 괜찮으면 계속 구입할려구요.,액상이화면과틀리다,재구매 꽃샘 꿀유자차 자몽차 매실 모과 침출 액상,ㅠㅠ 이거먹고 설사해여 원래 이런 액상형 아이스티 자주 희석해서먹었는데이것만 먹으면 설사합니다ㅜㅜ유통기한은 문제없는데 뭐가 문젠지 모르겠네요2개시켰는데 다 버렸어요ㅠㅠ,1:11|2:18|3:0|4:2|5:8,KOREAN_SHOPPING_REVIEW_EXPRESSION_REFERENCE,PENDING_REVIEW,NEEDS_REVIEW,candidate_expression은 유효해 보이나 value_candidate가 실제 의미와 불일치함,CONTEXT_AMBIGUOUS|TOO_SHORT,,NORMAL,liquid
47,NOT_AVAILABLE_SOURCE_HAS_NO_CATEGORY,NOT_AVAILABLE_SOURCE_HAS_NO_CATEGORY,product_form,제형,powder,캡슐,캡슐,36,1,"재구매 가격이 저렴해 그닥 큰 기대없었는데, 크레마도 풍부하도 넘 맛있어서 재구매했어요. 캡슐 색이 좀 촌스러운 것 빼면 모든게 만족스러운 커피 캡슐.^^",워낙 커피를 좋아해서 구매했어요~! 집에 커피머신이 있긴한데 ㅎㅎ 캡슐이 아니라 원두 갈고 내려마시는거라ㅜㅜ 은근 귀찮아서 손이 안가두라구요 결국에는 요거 구매했는데 제 스타일임미다! 돌체가 완저니 제스타일!!,사무실에서 먹다보니 소비가 많아 저렴한 호환캡슐 찾다가 발견했는데 생각보다 괜찮았어요~ 다양하게 주문해서 맛보았답니다.,캡슐 형태로 되어 있어서 먹기 편하고 좋네요,캡슐제형이 아닌 알약형태라 오히려 먹기가 더 편해요. 캡슐제형 특유의 냄새가 없어 더 좋네요,1:8|2:7|3:0|4:7|5:24,KOREAN_SHOPPING_REVIEW_EXPRESSION_REFERENCE,PENDING_REVIEW,NEEDS_REVIEW,candidate_expression은 유효해 보이나 value_candidate가 실제 의미와 불일치함,CONTEXT_AMBIGUOUS|TOO_SHORT,,NORMAL,capsule
48,NOT_AVAILABLE_SOURCE_HAS_NO_CATEGORY,NOT_AVAILABLE_SOURCE_HAS_NO_CATEGORY,product_form,제형,tablet,액상,액상,36,1,액상이 많이나오네요,그린프로폴리스 찾으셔서 인터넷 검색하다 평이 좋아서 구입했어요. 알크기도 적당하고 톡터지는 액상 아니고 일반 알약이라 더 좋아하시네요. 한달 먹어보고 괜찮으면 계속 구입할려구요.,액상이화면과틀리다,재구매 꽃샘 꿀유자차 자몽차 매실 모과 침출 액상,ㅠㅠ 이거먹고 설사해여 원래 이런 액상형 아이스티 자주 희석해서먹었는데이것만 먹으면 설사합니다ㅜㅜ유통기한은 문제없는데 뭐가 문젠지 모르겠네요2개시켰는데 다 버렸어요ㅠㅠ,1:11|2:18|3:0|4:2|5:8,KOREAN_SHOPPING_REVIEW_EXPRESSION_REFERENCE,PENDING_REVIEW,NEEDS_REVIEW,candidate_expression은 유효해 보이나 value_candidate가 실제 의미와 불일치함,CONTEXT_AMBIGUOUS|TOO_SHORT,,NORMAL,liquid
49,NOT_AVAILABLE_SOURCE_HAS_NO_CATEGORY,NOT_AVAILABLE_SOURCE_HAS_NO_CATEGORY,product_form,제형,tablet,캡슐,캡슐,36,1,"재구매 가격이 저렴해 그닥 큰 기대없었는데, 크레마도 풍부하도 넘 맛있어서 재구매했어요. 캡슐 색이 좀 촌스러운 것 빼면 모든게 만족스러운 커피 캡슐.^^",워낙 커피를 좋아해서 구매했어요~! 집에 커피머신이 있긴한데 ㅎㅎ 캡슐이 아니라 원두 갈고 내려마시는거라ㅜㅜ 은근 귀찮아서 손이 안가두라구요 결국에는 요거 구매했는데 제 스타일임미다! 돌체가 완저니 제스타일!!,사무실에서 먹다보니 소비가 많아 저렴한 호환캡슐 찾다가 발견했는데 생각보다 괜찮았어요~ 다양하게 주문해서 맛보았답니다.,캡슐 형태로 되어 있어서 먹기 편하고 좋네요,캡슐제형이 아닌 알약형태라 오히려 먹기가 더 편해요. 캡슐제형 특유의 냄새가 없어 더 좋네요,1:8|2:7|3:0|4:7|5:24,KOREAN_SHOPPING_REVIEW_EXPRESSION_REFERENCE,PENDING_REVIEW,NEEDS_REVIEW,candidate_expression은 유효해 보이나 value_candidate가 실제 의미와 불일치함,CONTEXT_AMBIGUOUS|TOO_SHORT,,NORMAL,capsule
50,NOT_AVAILABLE_SOURCE_HAS_NO_CATEGORY,NOT_AVAILABLE_SOURCE_HAS_NO_CATEGORY,ingredient_inclusion,기능성 성분 포함,ingredient_mentioned,성분,성분이 좋,34,0.5,성분이 좋다고해서 샀어요 청소할때와 강아지 발닦을때 쓸려고 샀어요 괜찮은거같아요,적당히 도톰하고 좋네요.성분이 좋아서 믿고 구매했어요,코코넛 100% 과일이랑 같이먹고 평소에 먹던 두유 대신 먹어요 성분이 좋아서 맘에들어요❤️,아직 써보진 않았지만 성분이 좋다고하여 믿고 주문햇어요~ 써보고 또 후기남길께요~,천연샴푸라 뻣뻣할줄 알았는데 향도 굉장히 좋으면서도 잘 감기고 상쾌해서 정말 좋은것 같아요 성분이 좋아서 안심하고 사용하고 있어요~,1:4|2:8|3:0|4:8|5:20,KOREAN_SHOPPING_REVIEW_EXPRESSION_REFERENCE,PENDING_REVIEW,REJECT_DIFFERENT_MEANING,,CONTEXT_AMBIGUOUS|PRODUCT_OR_BRAND_CONTEXT,,NORMAL,
51,NOT_AVAILABLE_SOURCE_HAS_NO_CATEGORY,NOT_AVAILABLE_SOURCE_HAS_NO_CATEGORY,packaging,포장,individual_packaging,개별 포장,개별 포장,31,1,"상품이미지와 배달된 마이쮸가 다르네요 상품이미지는 진공개별포장인데, 배달된 상품은 그냥 개별 포장이라 아쉽네요",적당한 개별 포장이라 좋아요^^,브러쉬 조임 나사는 개별 포장해주세요. 포장 뜯으면서 바로 분실했어요.,역시 맛있어요! 개별 포장 좋아요,포장상태 완전 불만 개별 포장하던지 포장에 제품명 및 수량을 적던지해야지 막 담아서 보내면 끝인가요? 포장 똑바로 해서 보내세요,1:2|2:9|3:0|4:5|5:18,KOREAN_SHOPPING_REVIEW_EXPRESSION_REFERENCE,PENDING_REVIEW,APPROVE_ALIAS,,CONTEXT_AMBIGUOUS|PRODUCT_OR_BRAND_CONTEXT,,NORMAL,
52,NOT_AVAILABLE_SOURCE_HAS_NO_CATEGORY,NOT_AVAILABLE_SOURCE_HAS_NO_CATEGORY,packaging,포장,portable,개별 포장,개별 포장,31,1,"상품이미지와 배달된 마이쮸가 다르네요 상품이미지는 진공개별포장인데, 배달된 상품은 그냥 개별 포장이라 아쉽네요",적당한 개별 포장이라 좋아요^^,브러쉬 조임 나사는 개별 포장해주세요. 포장 뜯으면서 바로 분실했어요.,역시 맛있어요! 개별 포장 좋아요,포장상태 완전 불만 개별 포장하던지 포장에 제품명 및 수량을 적던지해야지 막 담아서 보내면 끝인가요? 포장 똑바로 해서 보내세요,1:2|2:9|3:0|4:5|5:18,KOREAN_SHOPPING_REVIEW_EXPRESSION_REFERENCE,PENDING_REVIEW,NEEDS_REVIEW,candidate_expression은 유효해 보이나 value_candidate가 실제 의미와 불일치함,CONTEXT_AMBIGUOUS|PRODUCT_OR_BRAND_CONTEXT,,NORMAL,individual_packaging
53,NOT_AVAILABLE_SOURCE_HAS_NO_CATEGORY,NOT_AVAILABLE_SOURCE_HAS_NO_CATEGORY,odor,냄새,fishy,냄새,냄새가 없,25,0.5,배송은 5-6일 소요됐어요 상품은 새거처럼 왔는데 열선타는 냄새가 정말 심하네요 냄새가 없어질지는 잘 모르겠어요,제품은 탄탄하고 괜찮은것 같은데 화학약품 냄새가 너무 심해서 머리가 아파 보관하기가 힘들어 베란다에 두고 일주일을 말려도 냄새가 없어지지 않으니 절대 사지마세요,"구매이후 지금까지 한달이 넘었는데 냄새가 없어지지 않아요,,,대체 어떻게 해야 냄새가 없어지는겁니까? 페브리즈 반통을 뿌리고 밖에 내놔도 다시 집안에 넣어두면 냄새가 너무 너무 많이 납니다.,",사용이 편하고 냄새가 없어 좋아요,호두가 신선하고 기름 냄새가 없어서 좋아요 브라질너트도 괜찮아요,1:7|2:8|3:0|4:6|5:5,KOREAN_SHOPPING_REVIEW_EXPRESSION_REFERENCE,PENDING_REVIEW,REJECT_DIFFERENT_MEANING,,CONTEXT_AMBIGUOUS,,NORMAL,odor
54,NOT_AVAILABLE_SOURCE_HAS_NO_CATEGORY,NOT_AVAILABLE_SOURCE_HAS_NO_CATEGORY,taste,맛,bitter,뒷맛,뒷맛,12,1,맛잇어요-처음 받아서 먹어보니 약간 보통김치처럼 그런맛이 아니고 조금 이상하더라고요 ---근데 자꾸 먹어보니 맛있어요 뒷맛이 새콤하니 맛있네요,부각를 마니 주문해서 튀겨 먹어보았는데..뒷맛이 별로인거같아요...ㅠ,아이가 잡곡뻥보다 백미뻥을 더 좋아하네요. 저도 개인적으로 백미뻥이 더 나은것 같아요. 잡곡은 뒷맛이 씁쓸한 맛이 나네요.,뒷맛이 깔끔합니다~,잘 받았어요~ 그렇지만 뒷맛이 많이 씁니다~ 두번구매는 조금 고려해봐야겠어요~,1:1|2:8|3:0|4:1|5:2,KOREAN_SHOPPING_REVIEW_EXPRESSION_REFERENCE,PENDING_REVIEW,NEEDS_REVIEW,candidate_expression은 유효해 보이나 value_candidate가 실제 의미와 불일치함,CONTEXT_AMBIGUOUS|TOO_SHORT,,NORMAL,after_taste
55,NOT_AVAILABLE_SOURCE_HAS_NO_CATEGORY,NOT_AVAILABLE_SOURCE_HAS_NO_CATEGORY,tablet_size,정제 크기,large,알이 크,알이 크,9,1,생각보다 알이 크고 좀 싸구려같은 느낌이 많이 나요 ㅠㅠ,재구매 알이 크고 신선해요~,매년 개복숭아를 담그는데 이번처럼 지저분한건 처음이네요 ㅠ.ㅠ 알이 크다해서 시장보다 훨씬 좋을거라 믿고 주문했는데 버릴게 너무 많아서 시장가서 다시 사야할듯 하네요. 싸다 좋아할게 아니었는데... 돈만 더 쓰게 생겼어요,맛도 좋고 포도가 알이 크네요ㅎㅎ,알이 크고 깔끔합니다.,1:0|2:2|3:0|4:0|5:7,KOREAN_SHOPPING_REVIEW_EXPRESSION_REFERENCE,PENDING_REVIEW,APPROVE_ALIAS,,CONTEXT_AMBIGUOUS|TOO_SHORT,,NORMAL,
56,NOT_AVAILABLE_SOURCE_HAS_NO_CATEGORY,NOT_AVAILABLE_SOURCE_HAS_NO_CATEGORY,tablet_size,정제 크기,small,알이 크,알이 크,9,1,생각보다 알이 크고 좀 싸구려같은 느낌이 많이 나요 ㅠㅠ,재구매 알이 크고 신선해요~,매년 개복숭아를 담그는데 이번처럼 지저분한건 처음이네요 ㅠ.ㅠ 알이 크다해서 시장보다 훨씬 좋을거라 믿고 주문했는데 버릴게 너무 많아서 시장가서 다시 사야할듯 하네요. 싸다 좋아할게 아니었는데... 돈만 더 쓰게 생겼어요,맛도 좋고 포도가 알이 크네요ㅎㅎ,알이 크고 깔끔합니다.,1:0|2:2|3:0|4:0|5:7,KOREAN_SHOPPING_REVIEW_EXPRESSION_REFERENCE,PENDING_REVIEW,NEEDS_REVIEW,candidate_expression은 유효해 보이나 value_candidate가 실제 의미와 불일치함,CONTEXT_AMBIGUOUS|TOO_SHORT,,NORMAL,large
57,NOT_AVAILABLE_SOURCE_HAS_NO_CATEGORY,NOT_AVAILABLE_SOURCE_HAS_NO_CATEGORY,packaging,포장,individual_packaging,스틱 포장,스틱 포장,5,1,재구매 늘 쓰던거라 주문했어요. 100개는 플라스틱 포장이 아니더라고요. 재구매시에는 플라스틱 용기 있는 걸로 주문해야겠어요.^^,반품할까 하다가 번거로워 그냥 냅두네요. 누가 반품한 것을 보낸건지 그 질긴 플라스틱 포장이 반정도 뜯어진 게 왔고 칼에도 뭐가 묻은건지 녹이 슨건지. 기대했는데 이런 게 와서 기분상함.,오전 10시 발송마감 프라스틱 포장에 먼지가 너무 많아서 좀 그렇네용..,우드스틱 포장되어있는 비닐 다 찢어져서옴.,물건 포장상태가 완전 최악이네요. 와이퍼 담겨있는 프라스틱 포장은 2개 다 찢겨져 있어서 누가 사용하다 보낸것처럼 보이네요.검수 안하고 막 보내시나와요,1:3|2:1|3:0|4:1|5:0,KOREAN_SHOPPING_REVIEW_EXPRESSION_REFERENCE,PENDING_REVIEW,NEEDS_REVIEW,candidate_expression은 유효해 보이나 value_candidate가 실제 의미와 불일치함,CONTEXT_AMBIGUOUS|PRODUCT_OR_BRAND_CONTEXT,,NORMAL,stick_packaging
58,NOT_AVAILABLE_SOURCE_HAS_NO_CATEGORY,NOT_AVAILABLE_SOURCE_HAS_NO_CATEGORY,packaging,포장,portable,스틱 포장,스틱 포장,5,1,재구매 늘 쓰던거라 주문했어요. 100개는 플라스틱 포장이 아니더라고요. 재구매시에는 플라스틱 용기 있는 걸로 주문해야겠어요.^^,반품할까 하다가 번거로워 그냥 냅두네요. 누가 반품한 것을 보낸건지 그 질긴 플라스틱 포장이 반정도 뜯어진 게 왔고 칼에도 뭐가 묻은건지 녹이 슨건지. 기대했는데 이런 게 와서 기분상함.,오전 10시 발송마감 프라스틱 포장에 먼지가 너무 많아서 좀 그렇네용..,우드스틱 포장되어있는 비닐 다 찢어져서옴.,물건 포장상태가 완전 최악이네요. 와이퍼 담겨있는 프라스틱 포장은 2개 다 찢겨져 있어서 누가 사용하다 보낸것처럼 보이네요.검수 안하고 막 보내시나와요,1:3|2:1|3:0|4:1|5:0,KOREAN_SHOPPING_REVIEW_EXPRESSION_REFERENCE,PENDING_REVIEW,NEEDS_REVIEW,candidate_expression은 유효해 보이나 value_candidate가 실제 의미와 불일치함,CONTEXT_AMBIGUOUS|PRODUCT_OR_BRAND_CONTEXT,,NORMAL,stick_packaging
59,NOT_AVAILABLE_SOURCE_HAS_NO_CATEGORY,NOT_AVAILABLE_SOURCE_HAS_NO_CATEGORY,ingredient_inclusion,기능성 성분 포함,ingredient_mentioned,성분,영양성분,4,0.5,영양성분 및 품질이 좋아요,켈로그 칼로리랑 영양성분면에서 맘에들고 특히 간편한거같아요 ㅎㅎ 포장상태도 맘에들어요 ㅎㅎ!또 사고싶어요,유통기한도 넉넉하고 영양성분도 최고에요,"말린 줄로만 알았는데 튀기기까지 한거고 정확한 영양성분표나 성분이 안적혀있고 q&a에는 답변이 이리저리 다르시네여,,속은기분이에요",,1:1|2:0|3:0|4:0|5:3,KOREAN_SHOPPING_REVIEW_EXPRESSION_REFERENCE,PENDING_REVIEW,APPROVE_ALIAS,,CONTEXT_AMBIGUOUS,,NORMAL,
60,NOT_AVAILABLE_SOURCE_HAS_NO_CATEGORY,NOT_AVAILABLE_SOURCE_HAS_NO_CATEGORY,intake_convenience,섭취 편의성,convenient,복용하기 편,복용하기 편,3,1,워낙 유명한제품이라 ㅋ 가격도 비싸지않고 하루한알이라 복용하기 편해요~~ 낱개포장된것도 마음에 들구요 ㅋ 세노비스 워낙 유명하니 믿고 구매했습니다,우체국 택배라 믿음이 가고 복용하기 편리한 크기라 좋아요,복용하기 편하고 배송도 빨라 좋으네요~~잘 복용하고 있답니다^^,,,1:0|2:0|3:0|4:0|5:3,KOREAN_SHOPPING_REVIEW_EXPRESSION_REFERENCE,PENDING_REVIEW,APPROVE_ALIAS,,,,NORMAL,
61,NOT_AVAILABLE_SOURCE_HAS_NO_CATEGORY,NOT_AVAILABLE_SOURCE_HAS_NO_CATEGORY,intake_convenience,섭취 편의성,inconvenient,복용하기 편,복용하기 편,3,1,워낙 유명한제품이라 ㅋ 가격도 비싸지않고 하루한알이라 복용하기 편해요~~ 낱개포장된것도 마음에 들구요 ㅋ 세노비스 워낙 유명하니 믿고 구매했습니다,우체국 택배라 믿음이 가고 복용하기 편리한 크기라 좋아요,복용하기 편하고 배송도 빨라 좋으네요~~잘 복용하고 있답니다^^,,,1:0|2:0|3:0|4:0|5:3,KOREAN_SHOPPING_REVIEW_EXPRESSION_REFERENCE,PENDING_REVIEW,NEEDS_REVIEW,candidate_expression은 유효해 보이나 value_candidate가 실제 의미와 불일치함,,,NORMAL,convenient
62,NOT_AVAILABLE_SOURCE_HAS_NO_CATEGORY,NOT_AVAILABLE_SOURCE_HAS_NO_CATEGORY,tablet_size,정제 크기,large,작은 알,작은 알,3,1,비타민 미네랄 제품을 먹고있는데 칼슘 마스네슘도 먹이려고 샀어요 같은 우유맛이라 되어있어도 실제 맛은 달라서 야가 잘 안먹으려고 하네요. 작은 알갱이도 씹히구요,크기가 생각보다 크지 않아요 작은 알들이 더 많은 것 같아서 조금 아쉽네요,작은 알약으로 먹기 편합니다!,이게 참 그런게 몇번 세탁해서 써보니 매트 뒷면 논 슬립기능을 갖은 작은 알갱이가 매트에서 떨어집니다 세탁을 마치고 나면 매트에 그런 알갱이가 붙어나와 영 찝찝하네요. 제품이 좀 그럽니다 구매에 참고하세요.,,1:1|2:2|3:0|4:0|5:1,KOREAN_SHOPPING_REVIEW_EXPRESSION_REFERENCE,PENDING_REVIEW,NEEDS_REVIEW,candidate_expression은 유효해 보이나 value_candidate가 실제 의미와 불일치함,CONTEXT_AMBIGUOUS|TOO_SHORT,,NORMAL,small
63,NOT_AVAILABLE_SOURCE_HAS_NO_CATEGORY,NOT_AVAILABLE_SOURCE_HAS_NO_CATEGORY,tablet_size,정제 크기,small,작은 알,작은 알,3,1,비타민 미네랄 제품을 먹고있는데 칼슘 마스네슘도 먹이려고 샀어요 같은 우유맛이라 되어있어도 실제 맛은 달라서 야가 잘 안먹으려고 하네요. 작은 알갱이도 씹히구요,크기가 생각보다 크지 않아요 작은 알들이 더 많은 것 같아서 조금 아쉽네요,작은 알약으로 먹기 편합니다!,이게 참 그런게 몇번 세탁해서 써보니 매트 뒷면 논 슬립기능을 갖은 작은 알갱이가 매트에서 떨어집니다 세탁을 마치고 나면 매트에 그런 알갱이가 붙어나와 영 찝찝하네요. 제품이 좀 그럽니다 구매에 참고하세요.,,1:1|2:2|3:0|4:0|5:1,KOREAN_SHOPPING_REVIEW_EXPRESSION_REFERENCE,PENDING_REVIEW,APPROVE_ALIAS,,CONTEXT_AMBIGUOUS|TOO_SHORT,,NORMAL,
64,NOT_AVAILABLE_SOURCE_HAS_NO_CATEGORY,NOT_AVAILABLE_SOURCE_HAS_NO_CATEGORY,ingredient_inclusion,기능성 성분 포함,ingredient_mentioned,함량,함량이 높,2,0.5,아몬드함량이 높아좋아요. 싼가격에 많이 살수있어 좋습니다.,너무 바스락거리고 깃털 함량이 높아서 부드러운 느낌 아님. 커버 없어도 된다는 댓글보고 구스만 샀는데 없이는 못쓸거 같음. 한겨울용인데 며칠 펴 두어도 부피는 안늘어남. 부피가 커 반품이 번거로워서 그냥 쓴다. 테두리 파이핑 박음질은 엄청 꼼꼼함.,,,,1:1|2:0|3:0|4:0|5:1,KOREAN_SHOPPING_REVIEW_EXPRESSION_REFERENCE,PENDING_REVIEW,NEEDS_REVIEW,candidate_expression은 유효해 보이나 value_candidate가 실제 의미와 불일치함,CONTEXT_AMBIGUOUS,,NORMAL,content
65,NOT_AVAILABLE_SOURCE_HAS_NO_CATEGORY,NOT_AVAILABLE_SOURCE_HAS_NO_CATEGORY,intake_convenience,섭취 편의성,convenient,챙겨 먹,챙겨 먹기,1,0.75,다이어트도 해야겠고 밥 챙겨 먹기도 힘들고 해서 주문 했어요~냉장고에 가득 쟁이고 싶어요~,,,,,1:0|2:0|3:0|4:1|5:0,KOREAN_SHOPPING_REVIEW_EXPRESSION_REFERENCE,PENDING_REVIEW,NEEDS_REVIEW,candidate_expression은 유효해 보이나 value_candidate가 실제 의미와 불일치함,CONTEXT_AMBIGUOUS,,NORMAL,take
66,NOT_AVAILABLE_SOURCE_HAS_NO_CATEGORY,NOT_AVAILABLE_SOURCE_HAS_NO_CATEGORY,intake_convenience,섭취 편의성,inconvenient,챙겨 먹,챙겨 먹기,1,0.75,다이어트도 해야겠고 밥 챙겨 먹기도 힘들고 해서 주문 했어요~냉장고에 가득 쟁이고 싶어요~,,,,,1:0|2:0|3:0|4:1|5:0,KOREAN_SHOPPING_REVIEW_EXPRESSION_REFERENCE,PENDING_REVIEW,NEEDS_REVIEW,candidate_expression은 유효해 보이나 value_candidate가 실제 의미와 불일치함,CONTEXT_AMBIGUOUS,,NORMAL,take
