review_order,facet_id,canonical_target,original_value_candidate,corrected_value_candidate,reviewer_decision,candidate_expression,category_count,category_local_codes,apply_status,reason
1,product_form,powder,capsule,powder,NEEDS_REVIEW,가루,15,"{""health-functional-food:blood_sugar_metabolic"": 2, ""health-functional-food:dietary_fiber"": 1, ""health-functional-food:eye_health"": 5, ""health-functional-food:heart_blood"": 3, ""health-functional-food:joint_health"": 3, ""health-functional-food:liver_health"": 5, ""health-functional-food:male_health"": 2, ""health-functional-food:other_functional"": 3, ""health-functional-food:probiotics"": 1, ""health-functional-food:propolis"": 3, ""health-functional-food:protein"": 1, ""health-functional-food:red_ginseng"": 3, ""health-functional-food:skin_collagen"": 2, ""health-functional-food:theanine_sleep"": 3, ""health-functional-food:vitamin_mineral"": 3}",APPLIED,Reviewed alias target resolved through category-local product_form crosswalk.
2,product_form,powder,liquid,powder,NEEDS_REVIEW,가루,15,"{""health-functional-food:blood_sugar_metabolic"": 2, ""health-functional-food:dietary_fiber"": 1, ""health-functional-food:eye_health"": 5, ""health-functional-food:heart_blood"": 3, ""health-functional-food:joint_health"": 3, ""health-functional-food:liver_health"": 5, ""health-functional-food:male_health"": 2, ""health-functional-food:other_functional"": 3, ""health-functional-food:probiotics"": 1, ""health-functional-food:propolis"": 3, ""health-functional-food:protein"": 1, ""health-functional-food:red_ginseng"": 3, ""health-functional-food:skin_collagen"": 2, ""health-functional-food:theanine_sleep"": 3, ""health-functional-food:vitamin_mineral"": 3}",APPLIED,Reviewed alias target resolved through category-local product_form crosswalk.
3,product_form,powder,powder,,APPROVE_ALIAS,가루,15,"{""health-functional-food:blood_sugar_metabolic"": 2, ""health-functional-food:dietary_fiber"": 1, ""health-functional-food:eye_health"": 5, ""health-functional-food:heart_blood"": 3, ""health-functional-food:joint_health"": 3, ""health-functional-food:liver_health"": 5, ""health-functional-food:male_health"": 2, ""health-functional-food:other_functional"": 3, ""health-functional-food:probiotics"": 1, ""health-functional-food:propolis"": 3, ""health-functional-food:protein"": 1, ""health-functional-food:red_ginseng"": 3, ""health-functional-food:skin_collagen"": 2, ""health-functional-food:theanine_sleep"": 3, ""health-functional-food:vitamin_mineral"": 3}",APPLIED,Reviewed alias target resolved through category-local product_form crosswalk.
4,product_form,powder,tablet,powder,NEEDS_REVIEW,가루,15,"{""health-functional-food:blood_sugar_metabolic"": 2, ""health-functional-food:dietary_fiber"": 1, ""health-functional-food:eye_health"": 5, ""health-functional-food:heart_blood"": 3, ""health-functional-food:joint_health"": 3, ""health-functional-food:liver_health"": 5, ""health-functional-food:male_health"": 2, ""health-functional-food:other_functional"": 3, ""health-functional-food:probiotics"": 1, ""health-functional-food:propolis"": 3, ""health-functional-food:protein"": 1, ""health-functional-food:red_ginseng"": 3, ""health-functional-food:skin_collagen"": 2, ""health-functional-food:theanine_sleep"": 3, ""health-functional-food:vitamin_mineral"": 3}",APPLIED,Reviewed alias target resolved through category-local product_form crosswalk.
5,intake_convenience,convenient,convenient,,APPROVE_ALIAS,먹기 편,0,{},DEFERRED_TAXONOMY_NOT_APPROVED,Facet is not part of approved V2.2 taxonomy.
6,intake_convenience,convenient,inconvenient,convenient,NEEDS_REVIEW,먹기 편,0,{},DEFERRED_TAXONOMY_NOT_APPROVED,Facet is not part of approved V2.2 taxonomy.
7,swallowability,easy,easy,,APPROVE_ALIAS,목넘김,0,{},DEFERRED_TAXONOMY_NOT_APPROVED,Facet is not part of approved V2.2 taxonomy.
8,swallowability,easy,easy,,APPROVE_ALIAS,넘기기,0,{},DEFERRED_TAXONOMY_NOT_APPROVED,Facet is not part of approved V2.2 taxonomy.
9,swallowability,easy,easy,,APPROVE_ALIAS,삼키기,0,{},DEFERRED_TAXONOMY_NOT_APPROVED,Facet is not part of approved V2.2 taxonomy.
10,tablet_size,large,large,,APPROVE_ALIAS,큰 알,0,{},DEFERRED_TAXONOMY_NOT_APPROVED,Facet is not part of approved V2.2 taxonomy.
11,tablet_size,large,small,large,NEEDS_REVIEW,큰 알,0,{},DEFERRED_TAXONOMY_NOT_APPROVED,Facet is not part of approved V2.2 taxonomy.
12,taste,taste,bitter,taste,NEEDS_REVIEW,맛이,0,{},DEFERRED_TAXONOMY_NOT_APPROVED,Facet is not part of approved V2.2 taxonomy.
13,tablet_size,size,large,size,NEEDS_REVIEW,사이즈가,0,{},DEFERRED_TAXONOMY_NOT_APPROVED,Facet is not part of approved V2.2 taxonomy.
14,tablet_size,size,small,size,NEEDS_REVIEW,사이즈가,0,{},DEFERRED_TAXONOMY_NOT_APPROVED,Facet is not part of approved V2.2 taxonomy.
15,packaging,packaging,individual_packaging,packaging,NEEDS_REVIEW,포장도,0,{},DEFERRED_TAXONOMY_NOT_APPROVED,Facet is not part of approved V2.2 taxonomy.
16,packaging,packaging,portable,packaging,NEEDS_REVIEW,포장도,0,{},DEFERRED_TAXONOMY_NOT_APPROVED,Facet is not part of approved V2.2 taxonomy.
17,odor,smell,fishy,smell,NEEDS_REVIEW,향이,0,{},DEFERRED_TAXONOMY_NOT_APPROVED,Facet is not part of approved V2.2 taxonomy.
18,taste,taste,bitter,taste,NEEDS_REVIEW,맛은,0,{},DEFERRED_TAXONOMY_NOT_APPROVED,Facet is not part of approved V2.2 taxonomy.
19,packaging,packaging,individual_packaging,packaging,NEEDS_REVIEW,포장이,0,{},DEFERRED_TAXONOMY_NOT_APPROVED,Facet is not part of approved V2.2 taxonomy.
20,packaging,packaging,portable,packaging,NEEDS_REVIEW,포장이,0,{},DEFERRED_TAXONOMY_NOT_APPROVED,Facet is not part of approved V2.2 taxonomy.
21,odor,odor,fishy,odor,APPROVE_ALIAS,냄새가 나,0,{},DEFERRED_TAXONOMY_NOT_APPROVED,Facet is not part of approved V2.2 taxonomy.
22,taste,bitter,bitter,,REJECT_DIFFERENT_MEANING,단맛,0,{},REJECTED_BY_HUMAN,Human decision rejected this candidate.
23,odor,fishy,fishy,,APPROVE_ALIAS,비린내,0,{},DEFERRED_TAXONOMY_NOT_APPROVED,Facet is not part of approved V2.2 taxonomy.
24,odor,odor,fishy,odor,REJECT_DIFFERENT_MEANING,냄새가 안,0,{},REJECTED_BY_HUMAN,Human decision rejected this candidate.
25,taste,taste,bitter,taste,APPROVE_ALIAS,쓴맛,0,{},DEFERRED_TAXONOMY_NOT_APPROVED,Facet is not part of approved V2.2 taxonomy.
26,product_form,tablet,capsule,tablet,NEEDS_REVIEW,정제,16,"{""health-functional-food:blood_sugar_metabolic"": 1, ""health-functional-food:dietary_fiber"": 3, ""health-functional-food:eye_health"": 3, ""health-functional-food:heart_blood"": 2, ""health-functional-food:joint_health"": 1, ""health-functional-food:liver_health"": 1, ""health-functional-food:male_health"": 3, ""health-functional-food:omega_fatty_acid"": 6, ""health-functional-food:other_functional"": 1, ""health-functional-food:probiotics"": 3, ""health-functional-food:propolis"": 4, ""health-functional-food:protein"": 2, ""health-functional-food:red_ginseng"": 4, ""health-functional-food:skin_collagen"": 3, ""health-functional-food:theanine_sleep"": 1, ""health-functional-food:vitamin_mineral"": 1}",APPLIED,Reviewed alias target resolved through category-local product_form crosswalk.
27,product_form,tablet,liquid,tablet,NEEDS_REVIEW,정제,16,"{""health-functional-food:blood_sugar_metabolic"": 1, ""health-functional-food:dietary_fiber"": 3, ""health-functional-food:eye_health"": 3, ""health-functional-food:heart_blood"": 2, ""health-functional-food:joint_health"": 1, ""health-functional-food:liver_health"": 1, ""health-functional-food:male_health"": 3, ""health-functional-food:omega_fatty_acid"": 6, ""health-functional-food:other_functional"": 1, ""health-functional-food:probiotics"": 3, ""health-functional-food:propolis"": 4, ""health-functional-food:protein"": 2, ""health-functional-food:red_ginseng"": 4, ""health-functional-food:skin_collagen"": 3, ""health-functional-food:theanine_sleep"": 1, ""health-functional-food:vitamin_mineral"": 1}",APPLIED,Reviewed alias target resolved through category-local product_form crosswalk.
28,product_form,tablet,powder,tablet,NEEDS_REVIEW,정제,16,"{""health-functional-food:blood_sugar_metabolic"": 1, ""health-functional-food:dietary_fiber"": 3, ""health-functional-food:eye_health"": 3, ""health-functional-food:heart_blood"": 2, ""health-functional-food:joint_health"": 1, ""health-functional-food:liver_health"": 1, ""health-functional-food:male_health"": 3, ""health-functional-food:omega_fatty_acid"": 6, ""health-functional-food:other_functional"": 1, ""health-functional-food:probiotics"": 3, ""health-functional-food:propolis"": 4, ""health-functional-food:protein"": 2, ""health-functional-food:red_ginseng"": 4, ""health-functional-food:skin_collagen"": 3, ""health-functional-food:theanine_sleep"": 1, ""health-functional-food:vitamin_mineral"": 1}",APPLIED,Reviewed alias target resolved through category-local product_form crosswalk.
29,product_form,tablet,tablet,tablet,APPROVE_ALIAS,정제,16,"{""health-functional-food:blood_sugar_metabolic"": 1, ""health-functional-food:dietary_fiber"": 3, ""health-functional-food:eye_health"": 3, ""health-functional-food:heart_blood"": 2, ""health-functional-food:joint_health"": 1, ""health-functional-food:liver_health"": 1, ""health-functional-food:male_health"": 3, ""health-functional-food:omega_fatty_acid"": 6, ""health-functional-food:other_functional"": 1, ""health-functional-food:probiotics"": 3, ""health-functional-food:propolis"": 4, ""health-functional-food:protein"": 2, ""health-functional-food:red_ginseng"": 4, ""health-functional-food:skin_collagen"": 3, ""health-functional-food:theanine_sleep"": 1, ""health-functional-food:vitamin_mineral"": 1}",APPLIED,Reviewed alias target resolved through category-local product_form crosswalk.
30,product_form,capsule,capsule,,APPROVE_ALIAS,알약,16,"{""health-functional-food:blood_sugar_metabolic"": 3, ""health-functional-food:dietary_fiber"": 7, ""health-functional-food:eye_health"": 1, ""health-functional-food:heart_blood"": 1, ""health-functional-food:joint_health"": 4, ""health-functional-food:liver_health"": 2, ""health-functional-food:male_health"": 1, ""health-functional-food:omega_fatty_acid"": 1, ""health-functional-food:other_functional"": 2, ""health-functional-food:probiotics"": 2, ""health-functional-food:propolis"": 2, ""health-functional-food:protein"": 3, ""health-functional-food:red_ginseng"": 2, ""health-functional-food:skin_collagen"": 1, ""health-functional-food:theanine_sleep"": 2, ""health-functional-food:vitamin_mineral"": 2}",APPLIED,Reviewed alias target resolved through category-local product_form crosswalk.
31,product_form,capsule,liquid,capsule,NEEDS_REVIEW,알약,16,"{""health-functional-food:blood_sugar_metabolic"": 3, ""health-functional-food:dietary_fiber"": 7, ""health-functional-food:eye_health"": 1, ""health-functional-food:heart_blood"": 1, ""health-functional-food:joint_health"": 4, ""health-functional-food:liver_health"": 2, ""health-functional-food:male_health"": 1, ""health-functional-food:omega_fatty_acid"": 1, ""health-functional-food:other_functional"": 2, ""health-functional-food:probiotics"": 2, ""health-functional-food:propolis"": 2, ""health-functional-food:protein"": 3, ""health-functional-food:red_ginseng"": 2, ""health-functional-food:skin_collagen"": 1, ""health-functional-food:theanine_sleep"": 2, ""health-functional-food:vitamin_mineral"": 2}",APPLIED,Reviewed alias target resolved through category-local product_form crosswalk.
32,product_form,capsule,powder,capsule,NEEDS_REVIEW,알약,16,"{""health-functional-food:blood_sugar_metabolic"": 3, ""health-functional-food:dietary_fiber"": 7, ""health-functional-food:eye_health"": 1, ""health-functional-food:heart_blood"": 1, ""health-functional-food:joint_health"": 4, ""health-functional-food:liver_health"": 2, ""health-functional-food:male_health"": 1, ""health-functional-food:omega_fatty_acid"": 1, ""health-functional-food:other_functional"": 2, ""health-functional-food:probiotics"": 2, ""health-functional-food:propolis"": 2, ""health-functional-food:protein"": 3, ""health-functional-food:red_ginseng"": 2, ""health-functional-food:skin_collagen"": 1, ""health-functional-food:theanine_sleep"": 2, ""health-functional-food:vitamin_mineral"": 2}",APPLIED,Reviewed alias target resolved through category-local product_form crosswalk.
33,product_form,capsule,tablet,capsule,NEEDS_REVIEW,알약,16,"{""health-functional-food:blood_sugar_metabolic"": 3, ""health-functional-food:dietary_fiber"": 7, ""health-functional-food:eye_health"": 1, ""health-functional-food:heart_blood"": 1, ""health-functional-food:joint_health"": 4, ""health-functional-food:liver_health"": 2, ""health-functional-food:male_health"": 1, ""health-functional-food:omega_fatty_acid"": 1, ""health-functional-food:other_functional"": 2, ""health-functional-food:probiotics"": 2, ""health-functional-food:propolis"": 2, ""health-functional-food:protein"": 3, ""health-functional-food:red_ginseng"": 2, ""health-functional-food:skin_collagen"": 1, ""health-functional-food:theanine_sleep"": 2, ""health-functional-food:vitamin_mineral"": 2}",APPLIED,Reviewed alias target resolved through category-local product_form crosswalk.
34,intake_convenience,convenient,convenient,,APPROVE_ALIAS,간편하게 먹,0,{},DEFERRED_TAXONOMY_NOT_APPROVED,Facet is not part of approved V2.2 taxonomy.
35,intake_convenience,convenient,inconvenient,convenient,NEEDS_REVIEW,간편하게 먹,0,{},DEFERRED_TAXONOMY_NOT_APPROVED,Facet is not part of approved V2.2 taxonomy.
36,tablet_size,small,large,small,NEEDS_REVIEW,알이 작,0,{},DEFERRED_TAXONOMY_NOT_APPROVED,Facet is not part of approved V2.2 taxonomy.
37,tablet_size,small,small,,APPROVE_ALIAS,알이 작,0,{},DEFERRED_TAXONOMY_NOT_APPROVED,Facet is not part of approved V2.2 taxonomy.
38,product_form,powder,capsule,powder,NEEDS_REVIEW,분말,15,"{""health-functional-food:blood_sugar_metabolic"": 2, ""health-functional-food:dietary_fiber"": 1, ""health-functional-food:eye_health"": 5, ""health-functional-food:heart_blood"": 3, ""health-functional-food:joint_health"": 3, ""health-functional-food:liver_health"": 5, ""health-functional-food:male_health"": 2, ""health-functional-food:other_functional"": 3, ""health-functional-food:probiotics"": 1, ""health-functional-food:propolis"": 3, ""health-functional-food:protein"": 1, ""health-functional-food:red_ginseng"": 3, ""health-functional-food:skin_collagen"": 2, ""health-functional-food:theanine_sleep"": 3, ""health-functional-food:vitamin_mineral"": 3}",APPLIED,Reviewed alias target resolved through category-local product_form crosswalk.
39,product_form,powder,liquid,powder,NEEDS_REVIEW,분말,15,"{""health-functional-food:blood_sugar_metabolic"": 2, ""health-functional-food:dietary_fiber"": 1, ""health-functional-food:eye_health"": 5, ""health-functional-food:heart_blood"": 3, ""health-functional-food:joint_health"": 3, ""health-functional-food:liver_health"": 5, ""health-functional-food:male_health"": 2, ""health-functional-food:other_functional"": 3, ""health-functional-food:probiotics"": 1, ""health-functional-food:propolis"": 3, ""health-functional-food:protein"": 1, ""health-functional-food:red_ginseng"": 3, ""health-functional-food:skin_collagen"": 2, ""health-functional-food:theanine_sleep"": 3, ""health-functional-food:vitamin_mineral"": 3}",APPLIED,Reviewed alias target resolved through category-local product_form crosswalk.
40,product_form,powder,powder,,APPROVE_ALIAS,분말,15,"{""health-functional-food:blood_sugar_metabolic"": 2, ""health-functional-food:dietary_fiber"": 1, ""health-functional-food:eye_health"": 5, ""health-functional-food:heart_blood"": 3, ""health-functional-food:joint_health"": 3, ""health-functional-food:liver_health"": 5, ""health-functional-food:male_health"": 2, ""health-functional-food:other_functional"": 3, ""health-functional-food:probiotics"": 1, ""health-functional-food:propolis"": 3, ""health-functional-food:protein"": 1, ""health-functional-food:red_ginseng"": 3, ""health-functional-food:skin_collagen"": 2, ""health-functional-food:theanine_sleep"": 3, ""health-functional-food:vitamin_mineral"": 3}",APPLIED,Reviewed alias target resolved through category-local product_form crosswalk.
41,product_form,powder,tablet,powder,NEEDS_REVIEW,분말,15,"{""health-functional-food:blood_sugar_metabolic"": 2, ""health-functional-food:dietary_fiber"": 1, ""health-functional-food:eye_health"": 5, ""health-functional-food:heart_blood"": 3, ""health-functional-food:joint_health"": 3, ""health-functional-food:liver_health"": 5, ""health-functional-food:male_health"": 2, ""health-functional-food:other_functional"": 3, ""health-functional-food:probiotics"": 1, ""health-functional-food:propolis"": 3, ""health-functional-food:protein"": 1, ""health-functional-food:red_ginseng"": 3, ""health-functional-food:skin_collagen"": 2, ""health-functional-food:theanine_sleep"": 3, ""health-functional-food:vitamin_mineral"": 3}",APPLIED,Reviewed alias target resolved through category-local product_form crosswalk.
42,product_form,liquid,capsule,liquid,NEEDS_REVIEW,액상,16,"{""health-functional-food:blood_sugar_metabolic"": 4, ""health-functional-food:dietary_fiber"": 4, ""health-functional-food:eye_health"": 6, ""health-functional-food:heart_blood"": 4, ""health-functional-food:joint_health"": 2, ""health-functional-food:liver_health"": 4, ""health-functional-food:male_health"": 6, ""health-functional-food:omega_fatty_acid"": 2, ""health-functional-food:other_functional"": 4, ""health-functional-food:probiotics"": 4, ""health-functional-food:propolis"": 1, ""health-functional-food:protein"": 4, ""health-functional-food:red_ginseng"": 1, ""health-functional-food:skin_collagen"": 5, ""health-functional-food:theanine_sleep"": 4, ""health-functional-food:vitamin_mineral"": 4}",APPLIED,Reviewed alias target resolved through category-local product_form crosswalk.
43,product_form,capsule,capsule,,APPROVE_ALIAS,캡슐,16,"{""health-functional-food:blood_sugar_metabolic"": 3, ""health-functional-food:dietary_fiber"": 7, ""health-functional-food:eye_health"": 1, ""health-functional-food:heart_blood"": 1, ""health-functional-food:joint_health"": 4, ""health-functional-food:liver_health"": 2, ""health-functional-food:male_health"": 1, ""health-functional-food:omega_fatty_acid"": 1, ""health-functional-food:other_functional"": 2, ""health-functional-food:probiotics"": 2, ""health-functional-food:propolis"": 2, ""health-functional-food:protein"": 3, ""health-functional-food:red_ginseng"": 2, ""health-functional-food:skin_collagen"": 1, ""health-functional-food:theanine_sleep"": 2, ""health-functional-food:vitamin_mineral"": 2}",APPLIED,Reviewed alias target resolved through category-local product_form crosswalk.
44,product_form,liquid,liquid,,APPROVE_ALIAS,액상,16,"{""health-functional-food:blood_sugar_metabolic"": 4, ""health-functional-food:dietary_fiber"": 4, ""health-functional-food:eye_health"": 6, ""health-functional-food:heart_blood"": 4, ""health-functional-food:joint_health"": 2, ""health-functional-food:liver_health"": 4, ""health-functional-food:male_health"": 6, ""health-functional-food:omega_fatty_acid"": 2, ""health-functional-food:other_functional"": 4, ""health-functional-food:probiotics"": 4, ""health-functional-food:propolis"": 1, ""health-functional-food:protein"": 4, ""health-functional-food:red_ginseng"": 1, ""health-functional-food:skin_collagen"": 5, ""health-functional-food:theanine_sleep"": 4, ""health-functional-food:vitamin_mineral"": 4}",APPLIED,Reviewed alias target resolved through category-local product_form crosswalk.
45,product_form,capsule,liquid,capsule,NEEDS_REVIEW,캡슐,16,"{""health-functional-food:blood_sugar_metabolic"": 3, ""health-functional-food:dietary_fiber"": 7, ""health-functional-food:eye_health"": 1, ""health-functional-food:heart_blood"": 1, ""health-functional-food:joint_health"": 4, ""health-functional-food:liver_health"": 2, ""health-functional-food:male_health"": 1, ""health-functional-food:omega_fatty_acid"": 1, ""health-functional-food:other_functional"": 2, ""health-functional-food:probiotics"": 2, ""health-functional-food:propolis"": 2, ""health-functional-food:protein"": 3, ""health-functional-food:red_ginseng"": 2, ""health-functional-food:skin_collagen"": 1, ""health-functional-food:theanine_sleep"": 2, ""health-functional-food:vitamin_mineral"": 2}",APPLIED,Reviewed alias target resolved through category-local product_form crosswalk.
46,product_form,liquid,powder,liquid,NEEDS_REVIEW,액상,16,"{""health-functional-food:blood_sugar_metabolic"": 4, ""health-functional-food:dietary_fiber"": 4, ""health-functional-food:eye_health"": 6, ""health-functional-food:heart_blood"": 4, ""health-functional-food:joint_health"": 2, ""health-functional-food:liver_health"": 4, ""health-functional-food:male_health"": 6, ""health-functional-food:omega_fatty_acid"": 2, ""health-functional-food:other_functional"": 4, ""health-functional-food:probiotics"": 4, ""health-functional-food:propolis"": 1, ""health-functional-food:protein"": 4, ""health-functional-food:red_ginseng"": 1, ""health-functional-food:skin_collagen"": 5, ""health-functional-food:theanine_sleep"": 4, ""health-functional-food:vitamin_mineral"": 4}",APPLIED,Reviewed alias target resolved through category-local product_form crosswalk.
47,product_form,capsule,powder,capsule,NEEDS_REVIEW,캡슐,16,"{""health-functional-food:blood_sugar_metabolic"": 3, ""health-functional-food:dietary_fiber"": 7, ""health-functional-food:eye_health"": 1, ""health-functional-food:heart_blood"": 1, ""health-functional-food:joint_health"": 4, ""health-functional-food:liver_health"": 2, ""health-functional-food:male_health"": 1, ""health-functional-food:omega_fatty_acid"": 1, ""health-functional-food:other_functional"": 2, ""health-functional-food:probiotics"": 2, ""health-functional-food:propolis"": 2, ""health-functional-food:protein"": 3, ""health-functional-food:red_ginseng"": 2, ""health-functional-food:skin_collagen"": 1, ""health-functional-food:theanine_sleep"": 2, ""health-functional-food:vitamin_mineral"": 2}",APPLIED,Reviewed alias target resolved through category-local product_form crosswalk.
48,product_form,liquid,tablet,liquid,NEEDS_REVIEW,액상,16,"{""health-functional-food:blood_sugar_metabolic"": 4, ""health-functional-food:dietary_fiber"": 4, ""health-functional-food:eye_health"": 6, ""health-functional-food:heart_blood"": 4, ""health-functional-food:joint_health"": 2, ""health-functional-food:liver_health"": 4, ""health-functional-food:male_health"": 6, ""health-functional-food:omega_fatty_acid"": 2, ""health-functional-food:other_functional"": 4, ""health-functional-food:probiotics"": 4, ""health-functional-food:propolis"": 1, ""health-functional-food:protein"": 4, ""health-functional-food:red_ginseng"": 1, ""health-functional-food:skin_collagen"": 5, ""health-functional-food:theanine_sleep"": 4, ""health-functional-food:vitamin_mineral"": 4}",APPLIED,Reviewed alias target resolved through category-local product_form crosswalk.
49,product_form,capsule,tablet,capsule,NEEDS_REVIEW,캡슐,16,"{""health-functional-food:blood_sugar_metabolic"": 3, ""health-functional-food:dietary_fiber"": 7, ""health-functional-food:eye_health"": 1, ""health-functional-food:heart_blood"": 1, ""health-functional-food:joint_health"": 4, ""health-functional-food:liver_health"": 2, ""health-functional-food:male_health"": 1, ""health-functional-food:omega_fatty_acid"": 1, ""health-functional-food:other_functional"": 2, ""health-functional-food:probiotics"": 2, ""health-functional-food:propolis"": 2, ""health-functional-food:protein"": 3, ""health-functional-food:red_ginseng"": 2, ""health-functional-food:skin_collagen"": 1, ""health-functional-food:theanine_sleep"": 2, ""health-functional-food:vitamin_mineral"": 2}",APPLIED,Reviewed alias target resolved through category-local product_form crosswalk.
50,ingredient_inclusion,ingredient_mentioned,ingredient_mentioned,,REJECT_DIFFERENT_MEANING,성분이 좋,0,{},REJECTED_BY_HUMAN,Human decision rejected this candidate.
51,packaging,individual_packaging,individual_packaging,,APPROVE_ALIAS,개별 포장,0,{},DEFERRED_TAXONOMY_NOT_APPROVED,Facet is not part of approved V2.2 taxonomy.
52,packaging,individual_packaging,portable,individual_packaging,NEEDS_REVIEW,개별 포장,0,{},DEFERRED_TAXONOMY_NOT_APPROVED,Facet is not part of approved V2.2 taxonomy.
53,odor,odor,fishy,odor,REJECT_DIFFERENT_MEANING,냄새가 없,0,{},REJECTED_BY_HUMAN,Human decision rejected this candidate.
54,taste,after_taste,bitter,after_taste,NEEDS_REVIEW,뒷맛,0,{},DEFERRED_TAXONOMY_NOT_APPROVED,Facet is not part of approved V2.2 taxonomy.
55,tablet_size,large,large,,APPROVE_ALIAS,알이 크,0,{},DEFERRED_TAXONOMY_NOT_APPROVED,Facet is not part of approved V2.2 taxonomy.
56,tablet_size,large,small,large,NEEDS_REVIEW,알이 크,0,{},DEFERRED_TAXONOMY_NOT_APPROVED,Facet is not part of approved V2.2 taxonomy.
57,packaging,stick_packaging,individual_packaging,stick_packaging,NEEDS_REVIEW,스틱 포장,0,{},DEFERRED_TAXONOMY_NOT_APPROVED,Facet is not part of approved V2.2 taxonomy.
58,packaging,stick_packaging,portable,stick_packaging,NEEDS_REVIEW,스틱 포장,0,{},DEFERRED_TAXONOMY_NOT_APPROVED,Facet is not part of approved V2.2 taxonomy.
59,ingredient_inclusion,ingredient_mentioned,ingredient_mentioned,,APPROVE_ALIAS,영양성분,0,{},DEFERRED_TAXONOMY_NOT_APPROVED,Facet is not part of approved V2.2 taxonomy.
60,intake_convenience,convenient,convenient,,APPROVE_ALIAS,복용하기 편,0,{},DEFERRED_TAXONOMY_NOT_APPROVED,Facet is not part of approved V2.2 taxonomy.
61,intake_convenience,convenient,inconvenient,convenient,NEEDS_REVIEW,복용하기 편,0,{},DEFERRED_TAXONOMY_NOT_APPROVED,Facet is not part of approved V2.2 taxonomy.
62,tablet_size,small,large,small,NEEDS_REVIEW,작은 알,0,{},DEFERRED_TAXONOMY_NOT_APPROVED,Facet is not part of approved V2.2 taxonomy.
63,tablet_size,small,small,,APPROVE_ALIAS,작은 알,0,{},DEFERRED_TAXONOMY_NOT_APPROVED,Facet is not part of approved V2.2 taxonomy.
64,ingredient_inclusion,content,ingredient_mentioned,content,NEEDS_REVIEW,함량이 높,0,{},DEFERRED_TAXONOMY_NOT_APPROVED,Facet is not part of approved V2.2 taxonomy.
65,intake_convenience,take,convenient,take,NEEDS_REVIEW,챙겨 먹기,0,{},DEFERRED_TAXONOMY_NOT_APPROVED,Facet is not part of approved V2.2 taxonomy.
66,intake_convenience,take,inconvenient,take,NEEDS_REVIEW,챙겨 먹기,0,{},DEFERRED_TAXONOMY_NOT_APPROVED,Facet is not part of approved V2.2 taxonomy.
