source,item_id,title,status,section,health_scope,category,category_l1,category_l2,category_leaf,seller_id,seller_company,manufacturer,model,country,price_dome_raw,price_supply_raw,price_parse_ok,price_tier_count,base_unit_price,min_unit_price,max_tier_min_qty,has_quantity_discount,max_quantity_discount_pct,moq,loq_raw,loq,loq_unlimited,order_unit,inventory_raw,inventory_suspicious_pattern,inventory_meets_moq_proxy,delivery_method,delivery_pay,shipping_is_free,delivery_send_avg_days,delivery_fee_raw,delivery_default_fee_raw,semantic_text,detail_product_name,package_spec,ingredients_raw,nutrition_raw,functionality_raw,intake_raw,caution_raw,expiry_storage_raw,food_type_raw,keywords_json
domeggook,12849153,김오곤 진한 홍삼 스틱 10ML X 30포 /홍삼스틱 선물세트/건강기능식품/추석선물세트/홍삼정/선물용홍삼진액,판매중,직접판매,core,식품 > 건강식품 > 홍삼 > 홍삼액,식품,건강식품,홍삼액,tnqlssla88,쉐누(ChezNous),코리아 화인에프티,김오곤 진한홍삼스틱,국산,2+12500|20+11500,,True,2,12500.0,11500.0,20.0,True,8.0,2,0,,True,1,411,False,True,택배,선결제,False,0.4,0.0,3800.0,김오곤 진한 홍삼 스틱 10ML X 30포 /홍삼스틱 선물세트/건강기능식품/추석선물세트/홍삼정/선물용홍삼진액 | 식품 > 건강식품 > 홍삼 > 홍삼액 | 김오곤 진한홍삼스틱 | 코리아 화인에프티 | 홍삼 6년근홍삼 홍삼정 선물용 면역력 농축액 추석선물 산양산삼녹용고 녹용고 홍삼스틱,,,,,,,,,,"[""홍삼"", ""6년근홍삼"", ""홍삼정"", ""선물용"", ""면역력"", ""농축액"", ""추석선물"", ""산양산삼녹용고"", ""녹용고"", ""홍삼스틱""]"
domeggook,12950027,더 새로운 석류 & 미인100 석류콜라겐 젤리스틱/젤리형 석류콜라겐/6년근 홍삼진액석류쥬스/구정선물/여성,판매중,MD홍보대행,core,식품 > 건강식품 > 건강환/정,식품,건강식품,건강환/정,tnqlssla88,쉐누(ChezNous),(주)네츄럴코어,미인100 석류콜라겐 젤리스틱,국산,2+13000|10+12000,,True,2,13000.0,12000.0,10.0,True,7.6923,2,0,,True,1,214,False,True,택배,선결제,False,0.4,0.0,3800.0,더 새로운 석류 & 미인100 석류콜라겐 젤리스틱/젤리형 석류콜라겐/6년근 홍삼진액석류쥬스/구정선물/여성 | 식품 > 건강식품 > 건강환/정 | 미인100 석류콜라겐 젤리스틱 | (주)네츄럴코어 | 갱년기 건강기능식품석류 석류쥬스 선물용 간경화 석류콜라겐 유기농석류 홍삼스틱,,,,,,,,,,"[""갱년기"", ""건강기능식품석류"", ""석류쥬스"", ""선물용"", ""간경화"", ""석류콜라겐"", ""유기농석류"", ""홍삼스틱""]"
domeggook,13030245,중원바이오팜 프로메디 생 유산균 30포 / 유산균 칸 / 프로바이오틱스 / 장건강유산균 /선물용,판매중,직접판매,core,식품 > 건강식품 > 영양제 > 프로바이오틱스,식품,건강식품,프로바이오틱스,tnqlssla88,쉐누(ChezNous),중원바이오틱스,중원바이오팜 프로메디 생 유산균 30포,국산,4+5500|20+5300|60+5000,,True,3,5500.0,5000.0,60.0,True,9.0909,4,0,,True,1,21515,False,True,택배,선결제,False,0.4,0.0,3800.0,중원바이오팜 프로메디 생 유산균 30포 / 유산균 칸 / 프로바이오틱스 / 장건강유산균 /선물용 | 식품 > 건강식품 > 영양제 > 프로바이오틱스 | 중원바이오팜 프로메디 생 유산균 30포 | 중원바이오틱스 | 유산균 장건강 변비 건강기능식품유산균 대장균 선물용유산균,,,,,,,,,,"[""유산균"", ""장건강"", ""변비"", ""건강기능식품유산균"", ""대장균"", ""선물용유산균""]"
domeggook,39512296,한국 고려 홍삼 공사 홍삼정 헬스데이 (15ml x 60포)/홍삼스틱/홍삼정/홍삼엑기스/건강식품/설 선물/명절,판매중,직접판매,core,식품 > 건강식품 > 홍삼 > 홍삼액,식품,건강식품,홍삼액,tnqlssla88,쉐누(ChezNous),한국고려홍삼 (삼차원),한국 고려 홍삼 공사 홍삼정 헬스데이 (15ml x 6,국산,1+24000|50+23000,,True,2,24000.0,23000.0,50.0,True,4.1667,1,0,,True,1,959,False,True,택배,선결제,False,0.4,0.0,3800.0,한국 고려 홍삼 공사 홍삼정 헬스데이 (15ml x 60포)/홍삼스틱/홍삼정/홍삼엑기스/건강식품/설 선물/명절 | 식품 > 건강식품 > 홍삼 > 홍삼액 | 한국 고려 홍삼 공사 홍삼정 헬스데이 (15ml x 6 | 한국고려홍삼 (삼차원) | 홍삼 홍삼정 6녕근홍삼 건강식품 건강기능식품 추석선물세트 명절선물 혈행개선 면역력,,,,,,,,,,"[""홍삼"", ""홍삼정"", ""6녕근홍삼"", ""건강식품"", ""건강기능식품"", ""추석선물세트"", ""명절선물"", ""혈행개선"", ""면역력""]"
domeggook,43387252,고려홍삼엔행복세상50ml 30포/홍삼선물세트/녹용홍삼/정관장홍삼/건강기능식품/홍삼액기스/설선물특별판매,판매중,직접판매,core,식품 > 건강식품 > 홍삼 > 혼합세트,식품,건강식품,혼합세트,tnqlssla88,쉐누(ChezNous),개성상인(주),고려 홍삼엔 행복세상 50ml 30포,국산,5+13500|30+12500,,True,2,13500.0,12500.0,30.0,True,7.4074,5,0,,True,1,1204,False,True,택배,선결제,False,0.4,0.0,3800.0,고려홍삼엔행복세상50ml 30포/홍삼선물세트/녹용홍삼/정관장홍삼/건강기능식품/홍삼액기스/설선물특별판매 | 식품 > 건강식품 > 홍삼 > 혼합세트 | 고려 홍삼엔 행복세상 50ml 30포 | 개성상인(주) | 홍삼엔건강세상 홍삼 정관장홍삼 녹용홍삼 구정선물세트 명절선물세트 건강기능식품 혈행개선 면역력 피로회복,,,,,,,,,,"[""홍삼엔건강세상"", ""홍삼"", ""정관장홍삼"", ""녹용홍삼"", ""구정선물세트"", ""명절선물세트"", ""건강기능식품"", ""혈행개선"", ""면역력"", ""피로회복""]"
domeggook,43979079,명품침향환 3.7g x 60환 할인판매/녹용홍삼침향환/명품침향환/건강기능식품/추석선물/홍삼/명절선물,판매중,직접판매,core,식품 > 건강식품 > 건강환/정,식품,건강식품,건강환/정,tnqlssla88,쉐누(ChezNous),차스코,名品 차스코 활력단 60환,국산,1+39000|6+38000,,True,2,39000.0,38000.0,6.0,True,2.5641,1,0,,True,1,393,False,True,택배,선결제,False,0.4,0.0,3800.0,명품침향환 3.7g x 60환 할인판매/녹용홍삼침향환/명품침향환/건강기능식품/추석선물/홍삼/명절선물 | 식품 > 건강식품 > 건강환/정 | 名品 차스코 활력단 60환 | 차스코 | 추석선물 침향환 건강기능식품 선물세트 홍삼,,,,,,,,,,"[""추석선물"", ""침향환"", ""건강기능식품"", ""선물세트"", ""홍삼""]"
domeggook,48557034,고려홍삼엔행복세상50ml 30포/홍삼선물세트/녹용홍삼/정관장홍삼/건강기능식품/홍삼액기스/선물특별판매,판매중,직접판매,core,식품 > 건강식품 > 홍삼 > 홍삼액,식품,건강식품,홍삼액,tnqlssla88,쉐누(ChezNous),개성상인(주),홍삼엔 녹용진 50ml x 30포,국산,5+13500|30+12500,,True,2,13500.0,12500.0,30.0,True,7.4074,5,0,,True,1,785,False,True,택배,선결제,False,0.4,0.0,3800.0,고려홍삼엔행복세상50ml 30포/홍삼선물세트/녹용홍삼/정관장홍삼/건강기능식품/홍삼액기스/선물특별판매 | 식품 > 건강식품 > 홍삼 > 홍삼액 | 홍삼엔 녹용진 50ml x 30포 | 개성상인(주) | 고려홍삼 건강기능식품 녹용홍삼 추석선물세트 혈행개선 면역력 녹용환 홍삼 홍삼선물세트,,,,,,,,,,"[""고려홍삼"", ""건강기능식품"", ""녹용홍삼"", ""추석선물세트"", ""혈행개선"", ""면역력"", ""녹용환"", ""홍삼"", ""홍삼선물세트""]"
domeggook,58413135,에버그린 비타민B 컴플렉스 에너지 포르테 [A0626],판매중,MD홍보대행,core,식품 > 건강식품 > 비타민제 > 비타민B,식품,건강식품,비타민B,bizmnet,주식회사 비즈엠넷코리아,Hownature Nutraceutical Corp.,,국산,15500,,True,1,15500.0,15500.0,1.0,False,0.0,1,0,,True,1,824,False,True,택배,선결제,False,0.8,4000.0,4000.0,에버그린 비타민B 컴플렉스 에너지 포르테 [A0626] | 식품 > 건강식품 > 비타민제 > 비타민B | Hownature Nutraceutical Corp. | 건강기능식품 건강식품 비타민B 멀티비타민 에너지,,,,,,,,,,"[""건강기능식품"", ""건강식품"", ""비타민B"", ""멀티비타민"", ""에너지""]"
domeggook,63060555,석류콜라겐 젤리형/석류/석류원액/홍삼스틱젤리형/6년근홍삼진액/석류농축액/선물용/건강기능식품/구정선물,판매중,직접판매,core,식품 > 건강식품 > 건강즙/과일즙 > 석류즙,식품,건강식품,석류즙,tnqlssla88,쉐누(ChezNous),블루원,미인100 석류콜라겐 젤리스틱,국산,2+12500|10+11500,,True,2,12500.0,11500.0,10.0,True,8.0,2,0,,True,1,474,False,True,택배,선결제,False,0.4,0.0,3800.0,석류콜라겐 젤리형/석류/석류원액/홍삼스틱젤리형/6년근홍삼진액/석류농축액/선물용/건강기능식품/구정선물 | 식품 > 건강식품 > 건강즙/과일즙 > 석류즙 | 미인100 석류콜라겐 젤리스틱 | 블루원 | 석류콜라겐 석류즙 건강기능식품 명절선물 피부보호건강식품 홍삼,,,,,,,,,,"[""석류콜라겐"", ""석류즙"", ""건강기능식품"", ""명절선물"", ""피부보호건강식품"", ""홍삼""]"
domeggook,63743388,건강기능식품 프로폴리스 플러스 60캡슐 KS종근당건강,판매중,직접판매,core,식품 > 건강식품 > 영양제 > 기타건강보조식품,식품,건강식품,기타건강보조식품,goodlionshop,라이온쇼핑,,건강기능식품,수입산_오세아니아_호주,18000,18000,True,1,18000.0,18000.0,1.0,False,0.0,1,0,,True,1,1111,True,True,택배,선결제,False,1.0,3500.0,3500.0,건강기능식품 프로폴리스 플러스 60캡슐 KS종근당건강 | 식품 > 건강식품 > 영양제 > 기타건강보조식품 | 건강기능식품 | 건강보조제 건강기능식품 유산균 보충제 영양제 보조식품 건강보조식품 기능식품 장건강 바이오틱스,,,,,,,,,,"[""건강보조제"", ""건강기능식품"", ""유산균"", ""보충제"", ""영양제"", ""보조식품"", ""건강보조식품"", ""기능식품"", ""장건강"", ""바이오틱스""]"
domeggook,64275911,건강기능식품 보조식품 프리미엄 프로폴리스 1000 180캡슐 KS네이처,판매중,직접판매,core,식품 > 건강식품 > 영양제 > 기타건강보조식품,식품,건강식품,기타건강보조식품,goodlionshop,라이온쇼핑,,건강기능식품,수입산_오세아니아_뉴질랜드,34000,34000,True,1,34000.0,34000.0,1.0,False,0.0,1,0,,True,1,1111,True,True,택배,선결제,False,1.0,3500.0,3500.0,건강기능식품 보조식품 프리미엄 프로폴리스 1000 180캡슐 KS네이처 | 식품 > 건강식품 > 영양제 > 기타건강보조식품 | 건강기능식품 | 건강보조제 건강기능식품 유산균 보충제 영양제 보조식품 건강보조식품 기능식품 장건강 바이오틱스,,,,,,,,,,"[""건강보조제"", ""건강기능식품"", ""유산균"", ""보충제"", ""영양제"", ""보조식품"", ""건강보조식품"", ""기능식품"", ""장건강"", ""바이오틱스""]"
domeggook,64495110,名品 6년근 발효 홍삼 보양정 500m / 홍삼액기스 / 고려홍삼정 / 가정의달선물 / 건강기능식품 / 명절선물,판매중,직접판매,core,식품 > 건강식품 > 홍삼 > 홍삼액,식품,건강식품,홍삼액,tnqlssla88,쉐누(ChezNous),대한홍삼진흥원,名品 6년근 발효 홍삼 보양정 500ml,국산,1+31000|6+29000,,True,2,31000.0,29000.0,6.0,True,6.4516,1,0,,True,1,413,False,True,택배,선결제,False,0.4,0.0,3800.0,名品 6년근 발효 홍삼 보양정 500m / 홍삼액기스 / 고려홍삼정 / 가정의달선물 / 건강기능식품 / 명절선물 | 식품 > 건강식품 > 홍삼 > 홍삼액 | 名品 6년근 발효 홍삼 보양정 500ml | 대한홍삼진흥원 | 홍삼정 홍삼엑기스 6년근홍삼 선물용홍삼 가정의달선물홍삼 고려홍삼정 대한홍삼정골드 면역력 혈행개선 건강기능식품,,,,,,,,,,"[""홍삼정"", ""홍삼엑기스"", ""6년근홍삼"", ""선물용홍삼"", ""가정의달선물홍삼"", ""고려홍삼정"", ""대한홍삼정골드"", ""면역력"", ""혈행개선"", ""건강기능식품""]"
domeggook,64509314,건강기능식품 보조식품 콘드로이친 파워 1200 60정 KS로니웰,판매중,직접판매,core,식품 > 건강식품 > 영양제 > 기타건강보조식품,식품,건강식품,기타건강보조식품,goodlionshop,라이온쇼핑,,건강보조식품,수입산_북아메리카(북미)_미국,29000,29000,True,1,29000.0,29000.0,1.0,False,0.0,1,0,,True,1,1111,True,True,택배,선결제,False,1.1,3500.0,3500.0,건강기능식품 보조식품 콘드로이친 파워 1200 60정 KS로니웰 | 식품 > 건강식품 > 영양제 > 기타건강보조식품 | 건강보조식품 | 건강보조제 건강기능식품 보조제 보충제 영양보조제 보조식품 건강보조식품 기능식품 건강환 철분,,,,,,,,,,"[""건강보조제"", ""건강기능식품"", ""보조제"", ""보충제"", ""영양보조제"", ""보조식품"", ""건강보조식품"", ""기능식품"", ""건강환"", ""철분""]"
domeggook,64509413,건강기능식품 보조식품 햄프 대마종자유 식물성 캡슐 30캡슐 KS일양,판매중,직접판매,core,식품 > 건강식품 > 영양제 > 기타건강보조식품,식품,건강식품,기타건강보조식품,goodlionshop,라이온쇼핑,,건강보조식품,수입산_북아메리카(북미)_캐나다,22000,22000,True,1,22000.0,22000.0,1.0,False,0.0,1,0,,True,1,1111,True,True,택배,선결제,False,1.1,3500.0,3500.0,건강기능식품 보조식품 햄프 대마종자유 식물성 캡슐 30캡슐 KS일양 | 식품 > 건강식품 > 영양제 > 기타건강보조식품 | 건강보조식품 | 건강보조제 건강기능식품 보조제 보충제 영양보조제 보조식품 건강보조식품 기능식품 건강환 철분,,,,,,,,,,"[""건강보조제"", ""건강기능식품"", ""보조제"", ""보충제"", ""영양보조제"", ""보조식품"", ""건강보조식품"", ""기능식품"", ""건강환"", ""철분""]"
domeggook,64524508,건강기능식품 보조식품 파워 알부민 맥스 14포 KS로니웰,판매중,직접판매,core,식품 > 건강식품 > 영양제 > 기타건강보조식품,식품,건강식품,기타건강보조식품,goodlionshop,라이온쇼핑,,건강보조식품,수입산_라틴아메리카(남미)_칠레,18000,18000,True,1,18000.0,18000.0,1.0,False,0.0,1,0,,True,1,1111,True,True,택배,선결제,False,1.0,3500.0,3500.0,건강기능식품 보조식품 파워 알부민 맥스 14포 KS로니웰 | 식품 > 건강식품 > 영양제 > 기타건강보조식품 | 건강보조식품 | 건강보조제 건강기능식품 보조제 보충제 영양보조제 보조식품 건강보조식품 기능식품 건강환 철분,,,,,,,,,,"[""건강보조제"", ""건강기능식품"", ""보조제"", ""보충제"", ""영양보조제"", ""보조식품"", ""건강보조식품"", ""기능식품"", ""건강환"", ""철분""]"
domeggook,65396749,건강보조제 건강기능식품 듀얼 서포트 쏘팔 옥타 파워 맥스 90캡슐 ks동신,판매중,직접판매,core,식품 > 건강식품 > 영양제 > 기타건강보조식품,식품,건강식품,기타건강보조식품,p-lumeria,써프라이즈몰,,건강기능식품,수입산_북아메리카(북미)_미국,39000,39000,True,1,39000.0,39000.0,1.0,False,0.0,1,0,,True,1,1111,True,True,택배,선결제,False,0.8,3500.0,3500.0,건강보조제 건강기능식품 듀얼 서포트 쏘팔 옥타 파워 맥스 90캡슐 ks동신 | 식품 > 건강식품 > 영양제 > 기타건강보조식품 | 건강기능식품 | 건강식품 기능식품 보조식품 건강보조제 건강기능식품 영양제 관절건강 건강보조식품 뼈건강,,,,,,,,,,"[""건강식품"", ""기능식품"", ""보조식품"", ""건강보조제"", ""건강기능식품"", ""영양제"", ""관절건강"", ""건강보조식품"", ""뼈건강""]"
domeggook,65396751,건강보조제 건강기능식품 하이맨 쏘팔메토 옥타디 ks대현,판매중,직접판매,core,식품 > 건강식품 > 영양제 > 기타건강보조식품,식품,건강식품,기타건강보조식품,p-lumeria,써프라이즈몰,,건강기능식품,수입산_아시아_인도,49000,49000,True,1,49000.0,49000.0,1.0,False,0.0,1,0,,True,1,1111,True,True,택배,선결제,False,0.8,3500.0,3500.0,건강보조제 건강기능식품 하이맨 쏘팔메토 옥타디 ks대현 | 식품 > 건강식품 > 영양제 > 기타건강보조식품 | 건강기능식품 | 건강식품 기능식품 보조식품 건강보조제 건강기능식품 영양제 관절건강 건강보조식품 뼈건강,,,,,,,,,,"[""건강식품"", ""기능식품"", ""보조식품"", ""건강보조제"", ""건강기능식품"", ""영양제"", ""관절건강"", ""건강보조식품"", ""뼈건강""]"
domeggook,65396753,건강보조제 건강기능식품 팍쎈 쏘팔메토 옥타코사놀 맥스 ks네이쳐,판매중,직접판매,core,식품 > 건강식품 > 영양제 > 기타건강보조식품,식품,건강식품,기타건강보조식품,p-lumeria,써프라이즈몰,,건강기능식품,수입산_북아메리카(북미)_미국,39000,39000,True,1,39000.0,39000.0,1.0,False,0.0,1,0,,True,1,1111,True,True,택배,선결제,False,0.8,3500.0,3500.0,건강보조제 건강기능식품 팍쎈 쏘팔메토 옥타코사놀 맥스 ks네이쳐 | 식품 > 건강식품 > 영양제 > 기타건강보조식품 | 건강기능식품 | 건강식품 기능식품 보조식품 건강보조제 건강기능식품 영양제 관절건강 건강보조식품 뼈건강,,,,,,,,,,"[""건강식품"", ""기능식품"", ""보조식품"", ""건강보조제"", ""건강기능식품"", ""영양제"", ""관절건강"", ""건강보조식품"", ""뼈건강""]"
domeggook,65396757,건강보조제 건강기능식품 딥씨 쏘팔 옥타 맥스 ks동신,판매중,직접판매,core,식품 > 건강식품 > 영양제 > 기타건강보조식품,식품,건강식품,기타건강보조식품,p-lumeria,써프라이즈몰,,건강기능식품,수입산_북아메리카(북미)_미국,39000,39000,True,1,39000.0,39000.0,1.0,False,0.0,1,0,,True,1,1111,True,True,택배,선결제,False,0.8,3500.0,3500.0,건강보조제 건강기능식품 딥씨 쏘팔 옥타 맥스 ks동신 | 식품 > 건강식품 > 영양제 > 기타건강보조식품 | 건강기능식품 | 건강식품 기능식품 보조식품 건강보조제 건강기능식품 영양제 관절건강 건강보조식품 뼈건강,,,,,,,,,,"[""건강식품"", ""기능식품"", ""보조식품"", ""건강보조제"", ""건강기능식품"", ""영양제"", ""관절건강"", ""건강보조식품"", ""뼈건강""]"
domeggook,65396758,건강보조제 건강기능식품 초임계 쏘팔메토 옥타코사놀 파워 ks내츄럴,판매중,직접판매,core,식품 > 건강식품 > 영양제 > 기타건강보조식품,식품,건강식품,기타건강보조식품,p-lumeria,써프라이즈몰,,건강기능식품,국산,22000,22000,True,1,22000.0,22000.0,1.0,False,0.0,1,0,,True,1,1111,True,True,택배,선결제,False,0.8,3500.0,3500.0,건강보조제 건강기능식품 초임계 쏘팔메토 옥타코사놀 파워 ks내츄럴 | 식품 > 건강식품 > 영양제 > 기타건강보조식품 | 건강기능식품 | 건강식품 기능식품 보조식품 건강보조제 건강기능식품 영양제 관절건강 건강보조식품 뼈건강,,,,,,,,,,"[""건강식품"", ""기능식품"", ""보조식품"", ""건강보조제"", ""건강기능식품"", ""영양제"", ""관절건강"", ""건강보조식품"", ""뼈건강""]"
domeggook,65396760,건강보조제 건강기능식품 쏘팔메토 맥스 ks메이플,판매중,직접판매,core,식품 > 건강식품 > 영양제 > 기타건강보조식품,식품,건강식품,기타건강보조식품,p-lumeria,써프라이즈몰,,건강기능식품,수입산_북아메리카(북미)_캐나다,26000,26000,True,1,26000.0,26000.0,1.0,False,0.0,1,0,,True,1,1111,True,True,택배,선결제,False,0.8,3500.0,3500.0,건강보조제 건강기능식품 쏘팔메토 맥스 ks메이플 | 식품 > 건강식품 > 영양제 > 기타건강보조식품 | 건강기능식품 | 건강식품 기능식품 보조식품 건강보조제 건강기능식품 영양제 관절건강 건강보조식품 뼈건강,,,,,,,,,,"[""건강식품"", ""기능식품"", ""보조식품"", ""건강보조제"", ""건강기능식품"", ""영양제"", ""관절건강"", ""건강보조식품"", ""뼈건강""]"
domeggook,65396761,건강보조제 건강기능식품 쏘팔메토 바이탈서비스 ks동신,판매중,직접판매,core,식품 > 건강식품 > 영양제 > 기타건강보조식품,식품,건강식품,기타건강보조식품,p-lumeria,써프라이즈몰,,건강기능식품,수입산_북아메리카(북미)_미국,26000,26000,True,1,26000.0,26000.0,1.0,False,0.0,1,0,,True,1,1111,True,True,택배,선결제,False,0.8,3500.0,3500.0,건강보조제 건강기능식품 쏘팔메토 바이탈서비스 ks동신 | 식품 > 건강식품 > 영양제 > 기타건강보조식품 | 건강기능식품 | 건강식품 기능식품 보조식품 건강보조제 건강기능식품 영양제 관절건강 건강보조식품 뼈건강,,,,,,,,,,"[""건강식품"", ""기능식품"", ""보조식품"", ""건강보조제"", ""건강기능식품"", ""영양제"", ""관절건강"", ""건강보조식품"", ""뼈건강""]"
domeggook,65396764,건강보조제 건강기능식품 수퍼파워 쏘팔메토 ks오리진,판매중,직접판매,core,식품 > 건강식품 > 영양제 > 기타건강보조식품,식품,건강식품,기타건강보조식품,p-lumeria,써프라이즈몰,,건강기능식품,수입산_북아메리카(북미)_미국,42000,42000,True,1,42000.0,42000.0,1.0,False,0.0,1,0,,True,1,1111,True,True,택배,선결제,False,0.8,3500.0,3500.0,건강보조제 건강기능식품 수퍼파워 쏘팔메토 ks오리진 | 식품 > 건강식품 > 영양제 > 기타건강보조식품 | 건강기능식품 | 건강식품 기능식품 보조식품 건강보조제 건강기능식품 영양제 관절건강 건강보조식품 뼈건강,,,,,,,,,,"[""건강식품"", ""기능식품"", ""보조식품"", ""건강보조제"", ""건강기능식품"", ""영양제"", ""관절건강"", ""건강보조식품"", ""뼈건강""]"
domeggook,65396772,건강보조제 건강기능식품 쏘팔메토 파워 맥스 ks엔젯,판매중,직접판매,core,식품 > 건강식품 > 영양제 > 기타건강보조식품,식품,건강식품,기타건강보조식품,p-lumeria,써프라이즈몰,,건강기능식품,수입산_북아메리카(북미)_미국,22000,22000,True,1,22000.0,22000.0,1.0,False,0.0,1,0,,True,1,1111,True,True,택배,선결제,False,0.8,3500.0,3500.0,건강보조제 건강기능식품 쏘팔메토 파워 맥스 ks엔젯 | 식품 > 건강식품 > 영양제 > 기타건강보조식품 | 건강기능식품 | 건강식품 기능식품 보조식품 건강보조제 건강기능식품 영양제 관절건강 건강보조식품 뼈건강,,,,,,,,,,"[""건강식품"", ""기능식품"", ""보조식품"", ""건강보조제"", ""건강기능식품"", ""영양제"", ""관절건강"", ""건강보조식품"", ""뼈건강""]"
domeggook,65396862,건강보조제 건강기능식품 맨파워 쏘팔메토 ks네추럴,판매중,직접판매,core,식품 > 건강식품 > 영양제 > 기타건강보조식품,식품,건강식품,기타건강보조식품,p-lumeria,써프라이즈몰,,건강기능식품,수입산_북아메리카(북미)_미국,39000,39000,True,1,39000.0,39000.0,1.0,False,0.0,1,0,,True,1,1111,True,True,택배,선결제,False,0.8,3500.0,3500.0,건강보조제 건강기능식품 맨파워 쏘팔메토 ks네추럴 | 식품 > 건강식품 > 영양제 > 기타건강보조식품 | 건강기능식품 | 건강식품 기능식품 보조식품 건강보조제 건강기능식품 영양제 관절건강 건강보조식품 뼈건강,,,,,,,,,,"[""건강식품"", ""기능식품"", ""보조식품"", ""건강보조제"", ""건강기능식품"", ""영양제"", ""관절건강"", ""건강보조식품"", ""뼈건강""]"
domeggook,65396897,건강보조제 건강기능식품 프리미엄 쏘팔메토 컴플렉스 ks네이처,판매중,직접판매,core,식품 > 건강식품 > 영양제 > 기타건강보조식품,식품,건강식품,기타건강보조식품,p-lumeria,써프라이즈몰,,건강기능식품,수입산_북아메리카(북미)_미국,36000,36000,True,1,36000.0,36000.0,1.0,False,0.0,1,0,,True,1,1111,True,True,택배,선결제,False,0.8,3500.0,3500.0,건강보조제 건강기능식품 프리미엄 쏘팔메토 컴플렉스 ks네이처 | 식품 > 건강식품 > 영양제 > 기타건강보조식품 | 건강기능식품 | 건강식품 기능식품 보조식품 건강보조제 건강기능식품 영양제 관절건강 건강보조식품 뼈건강,,,,,,,,,,"[""건강식품"", ""기능식품"", ""보조식품"", ""건강보조제"", ""건강기능식품"", ""영양제"", ""관절건강"", ""건강보조식품"", ""뼈건강""]"
domeggook,65396932,건강보조제 건강기능식품 맥소 쏘팔메토 ks어바틀,판매중,직접판매,core,식품 > 건강식품 > 영양제 > 기타건강보조식품,식품,건강식품,기타건강보조식품,p-lumeria,써프라이즈몰,,건강기능식품,수입산_북아메리카(북미)_미국,36000,36000,True,1,36000.0,36000.0,1.0,False,0.0,1,0,,True,1,1111,True,True,택배,선결제,False,0.8,3500.0,3500.0,건강보조제 건강기능식품 맥소 쏘팔메토 ks어바틀 | 식품 > 건강식품 > 영양제 > 기타건강보조식품 | 건강기능식품 | 건강식품 기능식품 보조식품 건강보조제 건강기능식품 영양제 관절건강 건강보조식품 뼈건강,,,,,,,,,,"[""건강식품"", ""기능식품"", ""보조식품"", ""건강보조제"", ""건강기능식품"", ""영양제"", ""관절건강"", ""건강보조식품"", ""뼈건강""]"
domeggook,65497258,건강보조제 건강기능식품 그대로 짜낸 양배추 벌꿀스틱 ks트리밀,판매중,직접판매,core,식품 > 건강식품 > 영양제 > 기타건강보조식품,식품,건강식품,기타건강보조식품,p-lumeria,써프라이즈몰,,건강기능식품,국산,22000,22000,True,1,22000.0,22000.0,1.0,False,0.0,1,0,,True,1,1111,True,True,택배,선결제,False,0.8,3500.0,3500.0,건강보조제 건강기능식품 그대로 짜낸 양배추 벌꿀스틱 ks트리밀 | 식품 > 건강식품 > 영양제 > 기타건강보조식품 | 건강기능식품 | 건강식품 기능식품 보조식품 건강보조제 건강기능식품 영양제 관절건강 건강보조식품 뼈건강,,,,,,,,,,"[""건강식품"", ""기능식품"", ""보조식품"", ""건강보조제"", ""건강기능식품"", ""영양제"", ""관절건강"", ""건강보조식품"", ""뼈건강""]"
domeggook,65497292,건강보조제 건강기능식품 그대로 채운 칼마디 30정 ks트리밀,판매중,직접판매,core,식품 > 건강식품 > 영양제 > 기타건강보조식품,식품,건강식품,기타건강보조식품,p-lumeria,써프라이즈몰,,건강기능식품,국산,14000,14000,True,1,14000.0,14000.0,1.0,False,0.0,1,0,,True,1,1111,True,True,택배,선결제,False,0.8,3500.0,3500.0,건강보조제 건강기능식품 그대로 채운 칼마디 30정 ks트리밀 | 식품 > 건강식품 > 영양제 > 기타건강보조식품 | 건강기능식품 | 건강식품 기능식품 보조식품 건강보조제 건강기능식품 영양제 관절건강 건강보조식품 뼈건강,,,,,,,,,,"[""건강식품"", ""기능식품"", ""보조식품"", ""건강보조제"", ""건강기능식품"", ""영양제"", ""관절건강"", ""건강보조식품"", ""뼈건강""]"
domeggook,65497335,건강보조제 건강기능식품 리얼 블루베리 퓨레 100% 14포 ks뉴트리너스,판매중,직접판매,core,식품 > 건강식품 > 영양제 > 기타건강보조식품,식품,건강식품,기타건강보조식품,p-lumeria,써프라이즈몰,,건강기능식품,수입산_북아메리카(북미)_미국,22000,22000,True,1,22000.0,22000.0,1.0,False,0.0,1,0,,True,1,1111,True,True,택배,선결제,False,0.8,3500.0,3500.0,건강보조제 건강기능식품 리얼 블루베리 퓨레 100% 14포 ks뉴트리너스 | 식품 > 건강식품 > 영양제 > 기타건강보조식품 | 건강기능식품 | 건강식품 기능식품 보조식품 건강보조제 건강기능식품 영양제 관절건강 건강보조식품 뼈건강,,,,,,,,,,"[""건강식품"", ""기능식품"", ""보조식품"", ""건강보조제"", ""건강기능식품"", ""영양제"", ""관절건강"", ""건강보조식품"", ""뼈건강""]"
domeggook,65498081,건강보조제 건강기능식품 유기농 호두오일100% 30캡슐 ks일양,판매중,직접판매,core,식품 > 건강식품 > 영양제 > 기타건강보조식품,식품,건강식품,기타건강보조식품,p-lumeria,써프라이즈몰,,건강기능식품,수입산_유럽_이탈리아,18000,18000,True,1,18000.0,18000.0,1.0,False,0.0,1,0,,True,1,1111,True,True,택배,선결제,False,0.8,3500.0,3500.0,건강보조제 건강기능식품 유기농 호두오일100% 30캡슐 ks일양 | 식품 > 건강식품 > 영양제 > 기타건강보조식품 | 건강기능식품 | 건강식품 기능식품 보조식품 건강보조제 건강기능식품 영양제 관절건강 건강보조식품 뼈건강,,,,,,,,,,"[""건강식품"", ""기능식품"", ""보조식품"", ""건강보조제"", ""건강기능식품"", ""영양제"", ""관절건강"", ""건강보조식품"", ""뼈건강""]"
domeggook,65498137,건강보조제 건강기능식품 햇빛 비타민D3 2000IU 맥스 180정 ks네이처,판매중,직접판매,core,식품 > 건강식품 > 영양제 > 기타건강보조식품,식품,건강식품,기타건강보조식품,p-lumeria,써프라이즈몰,,건강기능식품,수입산_유럽_스위스,22000,22000,True,1,22000.0,22000.0,1.0,False,0.0,1,0,,True,1,1111,True,True,택배,선결제,False,0.8,3500.0,3500.0,건강보조제 건강기능식품 햇빛 비타민D3 2000IU 맥스 180정 ks네이처 | 식품 > 건강식품 > 영양제 > 기타건강보조식품 | 건강기능식품 | 건강식품 기능식품 보조식품 건강보조제 건강기능식품 영양제 관절건강 건강보조식품 뼈건강,,,,,,,,,,"[""건강식품"", ""기능식품"", ""보조식품"", ""건강보조제"", ""건강기능식품"", ""영양제"", ""관절건강"", ""건강보조식품"", ""뼈건강""]"
domeggook,65498183,건강보조제 건강기능식품 신경 근육 관리엔 파워 마그네슘 400 맥스 120정 ks네이처,판매중,직접판매,core,식품 > 건강식품 > 영양제 > 기타건강보조식품,식품,건강식품,기타건강보조식품,p-lumeria,써프라이즈몰,,건강기능식품,수입산_유럽_스위스,22000,22000,True,1,22000.0,22000.0,1.0,False,0.0,1,0,,True,1,1111,True,True,택배,선결제,False,0.8,3500.0,3500.0,건강보조제 건강기능식품 신경 근육 관리엔 파워 마그네슘 400 맥스 120정 ks네이처 | 식품 > 건강식품 > 영양제 > 기타건강보조식품 | 건강기능식품 | 건강식품 기능식품 보조식품 건강보조제 건강기능식품 영양제 관절건강 건강보조식품 뼈건강,,,,,,,,,,"[""건강식품"", ""기능식품"", ""보조식품"", ""건강보조제"", ""건강기능식품"", ""영양제"", ""관절건강"", ""건강보조식품"", ""뼈건강""]"
domeggook,65498243,건강보조제 건강기능식품 알파CD 원데이 제로컷 ks뉴트리너스,판매중,직접판매,core,식품 > 건강식품 > 영양제 > 기타건강보조식품,식품,건강식품,기타건강보조식품,p-lumeria,써프라이즈몰,,건강기능식품,수입산_유럽_러시아연방,15000,15000,True,1,15000.0,15000.0,1.0,False,0.0,1,0,,True,1,1111,True,True,택배,선결제,False,0.8,3500.0,3500.0,건강보조제 건강기능식품 알파CD 원데이 제로컷 ks뉴트리너스 | 식품 > 건강식품 > 영양제 > 기타건강보조식품 | 건강기능식품 | 건강식품 기능식품 보조식품 건강보조제 건강기능식품 영양제 관절건강 건강보조식품 뼈건강,,,,,,,,,,"[""건강식품"", ""기능식품"", ""보조식품"", ""건강보조제"", ""건강기능식품"", ""영양제"", ""관절건강"", ""건강보조식품"", ""뼈건강""]"
domeggook,65498341,건강보조제 건강기능식품 마시는 알부민 프리미엄 ks뉴트리너스,판매중,직접판매,core,식품 > 건강식품 > 영양제 > 기타건강보조식품,식품,건강식품,기타건강보조식품,p-lumeria,써프라이즈몰,,건강기능식품,수입산_유럽_프랑스,18000,18000,True,1,18000.0,18000.0,1.0,False,0.0,1,0,,True,1,1111,True,True,택배,선결제,False,0.8,3500.0,3500.0,건강보조제 건강기능식품 마시는 알부민 프리미엄 ks뉴트리너스 | 식품 > 건강식품 > 영양제 > 기타건강보조식품 | 건강기능식품 | 건강식품 기능식품 보조식품 건강보조제 건강기능식품 영양제 관절건강 건강보조식품 뼈건강,,,,,,,,,,"[""건강식품"", ""기능식품"", ""보조식품"", ""건강보조제"", ""건강기능식품"", ""영양제"", ""관절건강"", ""건강보조식품"", ""뼈건강""]"
domeggook,65498393,건강보조제 건강기능식품 듀얼 서포트 바나바잎 & 코큐텐 플러스 60캡슐 ks동신,판매중,직접판매,core,식품 > 건강식품 > 영양제 > 기타건강보조식품,식품,건강식품,기타건강보조식품,p-lumeria,써프라이즈몰,,건강기능식품,수입산_북아메리카(북미)_미국,32000,32000,True,1,32000.0,32000.0,1.0,False,0.0,1,0,,True,1,1111,True,True,택배,선결제,False,0.8,3500.0,3500.0,건강보조제 건강기능식품 듀얼 서포트 바나바잎 & 코큐텐 플러스 60캡슐 ks동신 | 식품 > 건강식품 > 영양제 > 기타건강보조식품 | 건강기능식품 | 건강식품 기능식품 보조식품 건강보조제 건강기능식품 영양제 관절건강 건강보조식품 뼈건강,,,,,,,,,,"[""건강식품"", ""기능식품"", ""보조식품"", ""건강보조제"", ""건강기능식품"", ""영양제"", ""관절건강"", ""건강보조식품"", ""뼈건강""]"
domeggook,65498461,건강보조제 건강기능식품 판토모틴 120캡슐 ks엔젯,판매중,직접판매,core,식품 > 건강식품 > 영양제 > 기타건강보조식품,식품,건강식품,기타건강보조식품,p-lumeria,써프라이즈몰,,건강기능식품,수입산_북아메리카(북미)_미국,32000,32000,True,1,32000.0,32000.0,1.0,False,0.0,1,0,,True,1,1111,True,True,택배,선결제,False,0.8,3500.0,3500.0,건강보조제 건강기능식품 판토모틴 120캡슐 ks엔젯 | 식품 > 건강식품 > 영양제 > 기타건강보조식품 | 건강기능식품 | 건강식품 기능식품 보조식품 건강보조제 건강기능식품 영양제 관절건강 건강보조식품 뼈건강,,,,,,,,,,"[""건강식품"", ""기능식품"", ""보조식품"", ""건강보조제"", ""건강기능식품"", ""영양제"", ""관절건강"", ""건강보조식품"", ""뼈건강""]"
domeggook,65514752,건강보조제 건강기능식품 더풍성한 맥주효모 비오틴 셀렌 90정 ks내츄럴,판매중,직접판매,core,식품 > 건강식품 > 영양제 > 기타건강보조식품,식품,건강식품,기타건강보조식품,p-lumeria,써프라이즈몰,,건강기능식품,수입산_유럽_독일,22000,22000,True,1,22000.0,22000.0,1.0,False,0.0,1,0,,True,1,1111,True,True,택배,선결제,False,0.8,3500.0,3500.0,건강보조제 건강기능식품 더풍성한 맥주효모 비오틴 셀렌 90정 ks내츄럴 | 식품 > 건강식품 > 영양제 > 기타건강보조식품 | 건강기능식품 | 건강식품 기능식품 보조식품 건강보조제 건강기능식품 관절건강 건강보조식품,,,,,,,,,,"[""건강식품"", ""기능식품"", ""보조식품"", ""건강보조제"", ""건강기능식품"", ""관절건강"", ""건강보조식품""]"
domeggook,65912572,건강보조제 건강기능식품 장건강엔 100억 유산균 프로바이오틱스 300캡슐 ks웰러스,판매중,직접판매,core,식품 > 건강식품 > 영양제 > 기타건강보조식품,식품,건강식품,기타건강보조식품,p-lumeria,써프라이즈몰,,건강기능식품,국산,72000,72000,True,1,72000.0,72000.0,1.0,False,0.0,1,0,,True,1,1111,True,True,택배,선결제,False,0.8,3500.0,3500.0,건강보조제 건강기능식품 장건강엔 100억 유산균 프로바이오틱스 300캡슐 ks웰러스 | 식품 > 건강식품 > 영양제 > 기타건강보조식품 | 건강기능식품 | 건강식품 기능식품 보조식품 건강보조제 건강기능식품 건강보조식품,,,,,,,,,,"[""건강식품"", ""기능식품"", ""보조식품"", ""건강보조제"", ""건강기능식품"", ""건강보조식품""]"
domeggook,65912624,건강보조제 건강기능식품 야쿠르트 프리바이오틱스 (10포 X 6개입) ks한국야쿠르트,판매중,직접판매,core,식품 > 건강식품 > 영양제 > 기타건강보조식품,식품,건강식품,기타건강보조식품,p-lumeria,써프라이즈몰,,건강기능식품,국산,32900,32900,True,1,32900.0,32900.0,1.0,False,0.0,1,0,,True,1,1111,True,True,택배,선결제,False,0.9,3500.0,3500.0,건강보조제 건강기능식품 야쿠르트 프리바이오틱스 (10포 X 6개입) ks한국야쿠르트 | 식품 > 건강식품 > 영양제 > 기타건강보조식품 | 건강기능식품 | 건강식품 기능식품 보조식품 건강보조제 건강기능식품 건강보조식품,,,,,,,,,,"[""건강식품"", ""기능식품"", ""보조식품"", ""건강보조제"", ""건강기능식품"", ""건강보조식품""]"
domeggook,65912730,건강보조제 건강기능식품 면역이뮨에는 아연과 유산균 프로바이오틱스 300캡슐ks웰러스,판매중,직접판매,core,식품 > 건강식품 > 영양제 > 기타건강보조식품,식품,건강식품,기타건강보조식품,p-lumeria,써프라이즈몰,,건강기능식품,국산,45000,45000,True,1,45000.0,45000.0,1.0,False,0.0,1,0,,True,1,1111,True,True,택배,선결제,False,0.8,3500.0,3500.0,건강보조제 건강기능식품 면역이뮨에는 아연과 유산균 프로바이오틱스 300캡슐ks웰러스 | 식품 > 건강식품 > 영양제 > 기타건강보조식품 | 건강기능식품 | 건강식품 기능식품 보조식품 건강보조제 건강기능식품 건강보조식품,,,,,,,,,,"[""건강식품"", ""기능식품"", ""보조식품"", ""건강보조제"", ""건강기능식품"", ""건강보조식품""]"
domeggook,65912788,건강보조제 건강기능식품 딥씨 에브리데이 100억 프로바이오틱스 60캡슐 ks동신,판매중,직접판매,core,식품 > 건강식품 > 영양제 > 기타건강보조식품,식품,건강식품,기타건강보조식품,p-lumeria,써프라이즈몰,,건강기능식품,수입산_북아메리카(북미)_캐나다,38000,38000,True,1,38000.0,38000.0,1.0,False,0.0,1,0,,True,1,1111,True,True,택배,선결제,False,0.8,3500.0,3500.0,건강보조제 건강기능식품 딥씨 에브리데이 100억 프로바이오틱스 60캡슐 ks동신 | 식품 > 건강식품 > 영양제 > 기타건강보조식품 | 건강기능식품 | 건강식품 기능식품 보조식품 건강보조제 건강기능식품 건강보조식품,,,,,,,,,,"[""건강식품"", ""기능식품"", ""보조식품"", ""건강보조제"", ""건강기능식품"", ""건강보조식품""]"
domeggook,65949338,건강보조제 건강기능식품 갱년기 앤 다이어트 60정 ks웰러스,판매중,직접판매,core,식품 > 건강식품 > 영양제 > 기타건강보조식품,식품,건강식품,기타건강보조식품,p-lumeria,써프라이즈몰,,건강기능식품,수입산_아시아_인도,26000,26000,True,1,26000.0,26000.0,1.0,False,0.0,1,0,,True,1,1111,True,True,택배,선결제,False,0.8,3500.0,3500.0,건강보조제 건강기능식품 갱년기 앤 다이어트 60정 ks웰러스 | 식품 > 건강식품 > 영양제 > 기타건강보조식품 | 건강기능식품 | 건강식품 기능식품 보조식품 건강보조제 건강기능식품 건강보조식품,,,,,,,,,,"[""건강식품"", ""기능식품"", ""보조식품"", ""건강보조제"", ""건강기능식품"", ""건강보조식품""]"
domeggook,65949495,건강보조제 건강기능식품 엔쵸비 오메가3 플러스D 360캡슐 ks네이처,판매중,직접판매,core,식품 > 건강식품 > 영양제 > 기타건강보조식품,식품,건강식품,기타건강보조식품,p-lumeria,써프라이즈몰,,건강기능식품,수입산_북아메리카(북미)_캐나다,34000,34000,True,1,34000.0,34000.0,1.0,False,0.0,1,0,,True,1,1111,True,True,택배,선결제,False,0.8,3500.0,3500.0,건강보조제 건강기능식품 엔쵸비 오메가3 플러스D 360캡슐 ks네이처 | 식품 > 건강식품 > 영양제 > 기타건강보조식품 | 건강기능식품 | 건강식품 기능식품 보조식품 건강보조제 건강기능식품 건강보조식품,,,,,,,,,,"[""건강식품"", ""기능식품"", ""보조식품"", ""건강보조제"", ""건강기능식품"", ""건강보조식품""]"
domeggook,65949580,건강보조제 건강기능식품 삼백초 추출물 플러스 90정 ks내츄럴,판매중,직접판매,core,식품 > 건강식품 > 영양제 > 기타건강보조식품,식품,건강식품,기타건강보조식품,p-lumeria,써프라이즈몰,,건강기능식품,국산,22000,22000,True,1,22000.0,22000.0,1.0,False,0.0,1,0,,True,1,1111,True,True,택배,선결제,False,0.8,3500.0,3500.0,건강보조제 건강기능식품 삼백초 추출물 플러스 90정 ks내츄럴 | 식품 > 건강식품 > 영양제 > 기타건강보조식품 | 건강기능식품 | 건강식품 기능식품 보조식품 건강보조제 건강기능식품 건강보조식품,,,,,,,,,,"[""건강식품"", ""기능식품"", ""보조식품"", ""건강보조제"", ""건강기능식품"", ""건강보조식품""]"
domeggook,65949659,건강보조제 건강기능식품 플랙시드 오일 플러스 1000 180캡슐 ks네추럴,판매중,직접판매,core,식품 > 건강식품 > 영양제 > 기타건강보조식품,식품,건강식품,기타건강보조식품,p-lumeria,써프라이즈몰,,건강기능식품,수입산_북아메리카(북미)_캐나다,38000,38000,True,1,38000.0,38000.0,1.0,False,0.0,1,0,,True,1,1111,True,True,택배,선결제,False,0.8,3500.0,3500.0,건강보조제 건강기능식품 플랙시드 오일 플러스 1000 180캡슐 ks네추럴 | 식품 > 건강식품 > 영양제 > 기타건강보조식품 | 건강기능식품 | 건강식품 기능식품 보조식품 건강보조제 건강기능식품 건강보조식품,,,,,,,,,,"[""건강식품"", ""기능식품"", ""보조식품"", ""건강보조제"", ""건강기능식품"", ""건강보조식품""]"
domeggook,65949726,건강보조제 건강기능식품 편안해질 유산균 30캡슐 ks위드,판매중,직접판매,core,식품 > 건강식품 > 영양제 > 기타건강보조식품,식품,건강식품,기타건강보조식품,p-lumeria,써프라이즈몰,,건강기능식품,국산,19000,19000,True,1,19000.0,19000.0,1.0,False,0.0,1,0,,True,1,1111,True,True,택배,선결제,False,0.8,3500.0,3500.0,건강보조제 건강기능식품 편안해질 유산균 30캡슐 ks위드 | 식품 > 건강식품 > 영양제 > 기타건강보조식품 | 건강기능식품 | 건강식품 기능식품 보조식품 건강보조제 건강기능식품 건강보조식품,,,,,,,,,,"[""건강식품"", ""기능식품"", ""보조식품"", ""건강보조제"", ""건강기능식품"", ""건강보조식품""]"
domeggook,65949843,건강보조제 건강기능식품 덴플란트 구강&장 15포 ks덴마크,판매중,직접판매,core,식품 > 건강식품 > 영양제 > 기타건강보조식품,식품,건강식품,기타건강보조식품,p-lumeria,써프라이즈몰,,건강기능식품,수입산_유럽_덴마크,19000,19000,True,1,19000.0,19000.0,1.0,False,0.0,1,0,,True,1,1111,True,True,택배,선결제,False,0.8,3500.0,3500.0,건강보조제 건강기능식품 덴플란트 구강&장 15포 ks덴마크 | 식품 > 건강식품 > 영양제 > 기타건강보조식품 | 건강기능식품 | 건강식품 기능식품 보조식품 건강보조제 건강기능식품 건강보조식품,,,,,,,,,,"[""건강식품"", ""기능식품"", ""보조식품"", ""건강보조제"", ""건강기능식품"", ""건강보조식품""]"
domeggook,65949976,건강보조제 건강기능식품 두뇌인지력엔 프리미엄 포스파티딜세린 앤 징코 플러스 60캡슐 x 2개입 ks헬씨,판매중,직접판매,core,식품 > 건강식품 > 영양제 > 기타건강보조식품,식품,건강식품,기타건강보조식품,p-lumeria,써프라이즈몰,,건강기능식품,수입산_북아메리카(북미)_미국,99500,99500,True,1,99500.0,99500.0,1.0,False,0.0,1,0,,True,1,1111,True,True,택배,선결제,False,0.8,3500.0,3500.0,건강보조제 건강기능식품 두뇌인지력엔 프리미엄 포스파티딜세린 앤 징코 플러스 60캡슐 x 2개입 ks헬씨 | 식품 > 건강식품 > 영양제 > 기타건강보조식품 | 건강기능식품 | 건강식품 기능식품 보조식품 건강보조제 건강기능식품 건강보조식품,,,,,,,,,,"[""건강식품"", ""기능식품"", ""보조식품"", ""건강보조제"", ""건강기능식품"", ""건강보조식품""]"
domeggook,65950073,건강보조제 건강기능식품 헤모철분25 90정 ks네이처,판매중,직접판매,core,식품 > 건강식품 > 영양제 > 기타건강보조식품,식품,건강식품,기타건강보조식품,p-lumeria,써프라이즈몰,,건강기능식품,국산,22000,22000,True,1,22000.0,22000.0,1.0,False,0.0,1,0,,True,1,1111,True,True,택배,선결제,False,0.8,3500.0,3500.0,건강보조제 건강기능식품 헤모철분25 90정 ks네이처 | 식품 > 건강식품 > 영양제 > 기타건강보조식품 | 건강기능식품 | 건강식품 기능식품 보조식품 건강보조제 건강기능식품 건강보조식품,,,,,,,,,,"[""건강식품"", ""기능식품"", ""보조식품"", ""건강보조제"", ""건강기능식품"", ""건강보조식품""]"
domeggook,65950153,건강보조제 건강기능식품 그대로 채운 밀크씨슬 30정 ks트리밀,판매중,직접판매,core,식품 > 건강식품 > 영양제 > 기타건강보조식품,식품,건강식품,기타건강보조식품,p-lumeria,써프라이즈몰,,건강기능식품,국산,17000,17000,True,1,17000.0,17000.0,1.0,False,0.0,1,0,,True,1,1111,True,True,택배,선결제,False,0.8,3500.0,3500.0,건강보조제 건강기능식품 그대로 채운 밀크씨슬 30정 ks트리밀 | 식품 > 건강식품 > 영양제 > 기타건강보조식품 | 건강기능식품 | 건강식품 기능식품 보조식품 건강보조제 건강기능식품 영양제 관절건강 건강보조식품 뼈건강,,,,,,,,,,"[""건강식품"", ""기능식품"", ""보조식품"", ""건강보조제"", ""건강기능식품"", ""영양제"", ""관절건강"", ""건강보조식품"", ""뼈건강""]"
domeggook,65950224,건강보조제 건강기능식품 와사비잎추출물 플러스 90정 ks내츄럴,판매중,직접판매,core,식품 > 건강식품 > 영양제 > 기타건강보조식품,식품,건강식품,기타건강보조식품,p-lumeria,써프라이즈몰,,건강기능식품,국산,19000,19000,True,1,19000.0,19000.0,1.0,False,0.0,1,0,,True,1,1111,True,True,택배,선결제,False,0.8,3500.0,3500.0,건강보조제 건강기능식품 와사비잎추출물 플러스 90정 ks내츄럴 | 식품 > 건강식품 > 영양제 > 기타건강보조식품 | 건강기능식품 | 건강식품 기능식품 보조식품 건강보조제 건강기능식품 영양제 관절건강 건강보조식품 뼈건강,,,,,,,,,,"[""건강식품"", ""기능식품"", ""보조식품"", ""건강보조제"", ""건강기능식품"", ""영양제"", ""관절건강"", ""건강보조식품"", ""뼈건강""]"
domeggook,66005290,건강보조제 건강기능식품 두뇌엔 포스파티딜세린PS 징코 60캡슐 ks네추럴,판매중,직접판매,core,식품 > 건강식품 > 영양제 > 기타건강보조식품,식품,건강식품,기타건강보조식품,p-lumeria,써프라이즈몰,,건강기능식품,수입산_아시아_인도,29000,29000,True,1,29000.0,29000.0,1.0,False,0.0,1,0,,True,1,1111,True,True,택배,선결제,False,0.8,3500.0,3500.0,건강보조제 건강기능식품 두뇌엔 포스파티딜세린PS 징코 60캡슐 ks네추럴 | 식품 > 건강식품 > 영양제 > 기타건강보조식품 | 건강기능식품 | 건강식품 기능식품 보조식품 건강보조제 건강기능식품 건강보조식품,,,,,,,,,,"[""건강식품"", ""기능식품"", ""보조식품"", ""건강보조제"", ""건강기능식품"", ""건강보조식품""]"
domeggook,66005302,건강보조제 건강기능식품 눈꽃 차전자피 14포 ks네추럴,판매중,직접판매,core,식품 > 건강식품 > 영양제 > 기타건강보조식품,식품,건강식품,기타건강보조식품,p-lumeria,써프라이즈몰,,건강기능식품,수입산_아시아_인도,22000,22000,True,1,22000.0,22000.0,1.0,False,0.0,1,0,,True,1,1111,True,True,택배,선결제,False,0.8,3500.0,3500.0,건강보조제 건강기능식품 눈꽃 차전자피 14포 ks네추럴 | 식품 > 건강식품 > 영양제 > 기타건강보조식품 | 건강기능식품 | 건강식품 기능식품 보조식품 건강보조제 건강기능식품 건강보조식품,,,,,,,,,,"[""건강식품"", ""기능식품"", ""보조식품"", ""건강보조제"", ""건강기능식품"", ""건강보조식품""]"
domeggook,66005389,건강보조제 건강기능식품 비 프로폴리스 이뮨 180캡슐 ks네추럴,판매중,직접판매,core,식품 > 건강식품 > 영양제 > 기타건강보조식품,식품,건강식품,기타건강보조식품,p-lumeria,써프라이즈몰,,건강기능식품,수입산_오세아니아_호주,28000,28000,True,1,28000.0,28000.0,1.0,False,0.0,1,0,,True,1,1111,True,True,택배,선결제,False,0.8,3500.0,3500.0,건강보조제 건강기능식품 비 프로폴리스 이뮨 180캡슐 ks네추럴 | 식품 > 건강식품 > 영양제 > 기타건강보조식품 | 건강기능식품 | 건강식품 기능식품 보조식품 건강보조제 건강기능식품 건강보조식품,,,,,,,,,,"[""건강식품"", ""기능식품"", ""보조식품"", ""건강보조제"", ""건강기능식품"", ""건강보조식품""]"
domeggook,66005393,건강보조제 건강기능식품 루큐텐 써큘 오메가3 트리플 케어 60캡슐 ks일양,판매중,직접판매,core,식품 > 건강식품 > 영양제 > 기타건강보조식품,식품,건강식품,기타건강보조식품,p-lumeria,써프라이즈몰,,건강기능식품,수입산_아시아_인도,28000,28000,True,1,28000.0,28000.0,1.0,False,0.0,1,0,,True,1,1111,True,True,택배,선결제,False,0.8,3500.0,3500.0,건강보조제 건강기능식품 루큐텐 써큘 오메가3 트리플 케어 60캡슐 ks일양 | 식품 > 건강식품 > 영양제 > 기타건강보조식품 | 건강기능식품 | 건강식품 기능식품 보조식품 건강보조제 건강기능식품 건강보조식품,,,,,,,,,,"[""건강식품"", ""기능식품"", ""보조식품"", ""건강보조제"", ""건강기능식품"", ""건강보조식품""]"
domeggook,66005397,건강보조제 건강기능식품 리포좀 비타민C 90정 ks리포,판매중,직접판매,core,식품 > 건강식품 > 영양제 > 기타건강보조식품,식품,건강식품,기타건강보조식품,p-lumeria,써프라이즈몰,,건강기능식품,수입산_유럽_이탈리아,38000,38000,True,1,38000.0,38000.0,1.0,False,0.0,1,0,,True,1,1111,True,True,택배,선결제,False,0.8,3500.0,3500.0,건강보조제 건강기능식품 리포좀 비타민C 90정 ks리포 | 식품 > 건강식품 > 영양제 > 기타건강보조식품 | 건강기능식품 | 건강식품 기능식품 보조식품 건강보조제 건강기능식품 건강보조식품,,,,,,,,,,"[""건강식품"", ""기능식품"", ""보조식품"", ""건강보조제"", ""건강기능식품"", ""건강보조식품""]"
domeggook,66005399,건강보조제 건강기능식품 리포좀 마그네슘 60정 ks리포,판매중,직접판매,core,식품 > 건강식품 > 영양제 > 기타건강보조식품,식품,건강식품,기타건강보조식품,p-lumeria,써프라이즈몰,,건강기능식품,수입산_유럽_이탈리아,39000,39000,True,1,39000.0,39000.0,1.0,False,0.0,1,0,,True,1,1111,True,True,택배,선결제,False,0.8,3500.0,3500.0,건강보조제 건강기능식품 리포좀 마그네슘 60정 ks리포 | 식품 > 건강식품 > 영양제 > 기타건강보조식품 | 건강기능식품 | 건강식품 기능식품 보조식품 건강보조제 건강기능식품 건강보조식품,,,,,,,,,,"[""건강식품"", ""기능식품"", ""보조식품"", ""건강보조제"", ""건강기능식품"", ""건강보조식품""]"
domeggook,66005400,건강보조제 건강기능식품 리포좀마그네슘 에너지 부스트 90정 ks참굿,판매중,직접판매,core,식품 > 건강식품 > 영양제 > 기타건강보조식품,식품,건강식품,기타건강보조식품,p-lumeria,써프라이즈몰,,건강기능식품,수입산_북아메리카(북미)_미국,18000,18000,True,1,18000.0,18000.0,1.0,False,0.0,1,0,,True,1,1111,True,True,택배,선결제,False,0.8,3500.0,3500.0,건강보조제 건강기능식품 리포좀마그네슘 에너지 부스트 90정 ks참굿 | 식품 > 건강식품 > 영양제 > 기타건강보조식품 | 건강기능식품 | 건강식품 기능식품 보조식품 건강보조제 건강기능식품 건강보조식품,,,,,,,,,,"[""건강식품"", ""기능식품"", ""보조식품"", ""건강보조제"", ""건강기능식품"", ""건강보조식품""]"
domeggook,66005401,건강보조제 건강기능식품 프리미엄 혈당건강 바나바 90정 ks네이처,판매중,직접판매,core,식품 > 건강식품 > 영양제 > 기타건강보조식품,식품,건강식품,기타건강보조식품,p-lumeria,써프라이즈몰,,건강기능식품,수입산_아시아_인도,24000,24000,True,1,24000.0,24000.0,1.0,False,0.0,1,0,,True,1,1111,True,True,택배,선결제,False,0.8,3500.0,3500.0,건강보조제 건강기능식품 프리미엄 혈당건강 바나바 90정 ks네이처 | 식품 > 건강식품 > 영양제 > 기타건강보조식품 | 건강기능식품 | 건강식품 기능식품 보조식품 건강보조제 건강기능식품 건강보조식품,,,,,,,,,,"[""건강식품"", ""기능식품"", ""보조식품"", ""건강보조제"", ""건강기능식품"", ""건강보조식품""]"
domeggook,66005402,건강보조제 건강기능식품 헬시아민 활성형 엽산800 60정 ks종근당,판매중,직접판매,core,식품 > 건강식품 > 영양제 > 기타건강보조식품,식품,건강식품,기타건강보조식품,p-lumeria,써프라이즈몰,,건강기능식품,수입산_아시아_인도,26000,26000,True,1,26000.0,26000.0,1.0,False,0.0,1,0,,True,1,1111,True,True,택배,선결제,False,0.8,3500.0,3500.0,건강보조제 건강기능식품 헬시아민 활성형 엽산800 60정 ks종근당 | 식품 > 건강식품 > 영양제 > 기타건강보조식품 | 건강기능식품 | 건강식품 기능식품 보조식품 건강보조제 건강기능식품 건강보조식품,,,,,,,,,,"[""건강식품"", ""기능식품"", ""보조식품"", ""건강보조제"", ""건강기능식품"", ""건강보조식품""]"
domeggook,66005403,건강보조제 건강기능식품 프라임 프로폴리스 아연 180캡슐 ks일양,판매중,직접판매,core,식품 > 건강식품 > 영양제 > 기타건강보조식품,식품,건강식품,기타건강보조식품,p-lumeria,써프라이즈몰,,건강기능식품,수입산_아시아_인도,36000,36000,True,1,36000.0,36000.0,1.0,False,0.0,1,0,,True,1,1111,True,True,택배,선결제,False,0.8,3500.0,3500.0,건강보조제 건강기능식품 프라임 프로폴리스 아연 180캡슐 ks일양 | 식품 > 건강식품 > 영양제 > 기타건강보조식품 | 건강기능식품 | 건강식품 기능식품 보조식품 건강보조제 건강기능식품 건강보조식품,,,,,,,,,,"[""건강식품"", ""기능식품"", ""보조식품"", ""건강보조제"", ""건강기능식품"", ""건강보조식품""]"
domeggook,66030587,건강보조제 건강기능식품 비타민K2 + 비타민D3 5000IU 엑스퍼트 90캡슐 ks오리진,판매중,직접판매,core,식품 > 건강식품 > 영양제 > 기타건강보조식품,식품,건강식품,기타건강보조식품,p-lumeria,써프라이즈몰,,건강기능식품,수입산_북아메리카(북미)_캐나다,29000,29000,True,1,29000.0,29000.0,1.0,False,0.0,1,0,,True,1,1111,True,True,택배,선결제,False,0.8,3500.0,3500.0,건강보조제 건강기능식품 비타민K2 + 비타민D3 5000IU 엑스퍼트 90캡슐 ks오리진 | 식품 > 건강식품 > 영양제 > 기타건강보조식품 | 건강기능식품 | 건강식품 기능식품 보조식품 건강보조제 건강기능식품 건강보조식품,,,,,,,,,,"[""건강식품"", ""기능식품"", ""보조식품"", ""건강보조제"", ""건강기능식품"", ""건강보조식품""]"
domeggook,66030634,건강보조제 건강기능식품 포스파티딜세린 (실속형) 60캡슐 ks위드,판매중,직접판매,core,식품 > 건강식품 > 영양제 > 기타건강보조식품,식품,건강식품,기타건강보조식품,p-lumeria,써프라이즈몰,,건강기능식품,수입산_북아메리카(북미)_미국,34000,34000,True,1,34000.0,34000.0,1.0,False,0.0,1,0,,True,1,1111,True,True,택배,선결제,False,0.8,3500.0,3500.0,건강보조제 건강기능식품 포스파티딜세린 (실속형) 60캡슐 ks위드 | 식품 > 건강식품 > 영양제 > 기타건강보조식품 | 건강기능식품 | 건강식품 기능식품 보조식품 건강보조제 건강기능식품 건강보조식품,,,,,,,,,,"[""건강식품"", ""기능식품"", ""보조식품"", ""건강보조제"", ""건강기능식품"", ""건강보조식품""]"
domeggook,66030703,건강보조제 건강기능식품 차전자피 식이섬유 30포 ks파마젠,판매중,직접판매,core,식품 > 건강식품 > 영양제 > 기타건강보조식품,식품,건강식품,기타건강보조식품,p-lumeria,써프라이즈몰,,건강기능식품,수입산_북아메리카(북미)_미국,28000,28000,True,1,28000.0,28000.0,1.0,False,0.0,1,0,,True,1,1111,True,True,택배,선결제,False,0.8,3500.0,3500.0,건강보조제 건강기능식품 차전자피 식이섬유 30포 ks파마젠 | 식품 > 건강식품 > 영양제 > 기타건강보조식품 | 건강기능식품 | 건강식품 기능식품 보조식품 건강보조제 건강기능식품 건강보조식품,,,,,,,,,,"[""건강식품"", ""기능식품"", ""보조식품"", ""건강보조제"", ""건강기능식품"", ""건강보조식품""]"
domeggook,66039878,건강보조제 건강기능식품 리포좀 데일리 멀티비타민미네랄 30정 ks내츄럴,판매중,직접판매,core,식품 > 건강식품 > 영양제 > 기타건강보조식품,식품,건강식품,기타건강보조식품,p-lumeria,써프라이즈몰,,건강기능식품,국산,19000,19000,True,1,19000.0,19000.0,1.0,False,0.0,1,0,,True,1,1111,True,True,택배,선결제,False,0.8,3500.0,3500.0,건강보조제 건강기능식품 리포좀 데일리 멀티비타민미네랄 30정 ks내츄럴 | 식품 > 건강식품 > 영양제 > 기타건강보조식품 | 건강기능식품 | 건강식품 기능식품 보조식품 건강보조제 건강기능식품 건강보조식품,,,,,,,,,,"[""건강식품"", ""기능식품"", ""보조식품"", ""건강보조제"", ""건강기능식품"", ""건강보조식품""]"
domeggook,66040338,건강보조제 건강기능식품 포스파티딜세린 징코 브레인 부스트 60캡슐 ks참굿,판매중,직접판매,core,식품 > 건강식품 > 영양제 > 기타건강보조식품,식품,건강식품,기타건강보조식품,p-lumeria,써프라이즈몰,,건강기능식품,국산,26000,26000,True,1,26000.0,26000.0,1.0,False,0.0,1,0,,True,1,1111,True,True,택배,선결제,False,0.8,3500.0,3500.0,건강보조제 건강기능식품 포스파티딜세린 징코 브레인 부스트 60캡슐 ks참굿 | 식품 > 건강식품 > 영양제 > 기타건강보조식품 | 건강기능식품 | 건강식품 기능식품 보조식품 건강보조제 건강기능식품 건강보조식품,,,,,,,,,,"[""건강식품"", ""기능식품"", ""보조식품"", ""건강보조제"", ""건강기능식품"", ""건강보조식품""]"
domeggook,66042520,건강보조제 건강기능식품 프로폴리스 아연 플러스 180캡슐 ks내츄럴,판매중,직접판매,core,식품 > 건강식품 > 영양제 > 기타건강보조식품,식품,건강식품,기타건강보조식품,p-lumeria,써프라이즈몰,,건강기능식품,수입산_오세아니아_호주,34000,34000,True,1,34000.0,34000.0,1.0,False,0.0,1,0,,True,1,1111,True,True,택배,선결제,False,0.8,3500.0,3500.0,건강보조제 건강기능식품 프로폴리스 아연 플러스 180캡슐 ks내츄럴 | 식품 > 건강식품 > 영양제 > 기타건강보조식품 | 건강기능식품 | 건강식품 기능식품 보조식품 건강보조제 건강기능식품 건강보조식품,,,,,,,,,,"[""건강식품"", ""기능식품"", ""보조식품"", ""건강보조제"", ""건강기능식품"", ""건강보조식품""]"
domeggook,66042563,건강보조제 건강기능식품 비타민K2+D3 메나퀴논 MK-7 90정 ks코오롱,판매중,직접판매,core,식품 > 건강식품 > 영양제 > 기타건강보조식품,식품,건강식품,기타건강보조식품,p-lumeria,써프라이즈몰,,건강기능식품,국산,34000,34000,True,1,34000.0,34000.0,1.0,False,0.0,1,0,,True,1,1111,True,True,택배,선결제,False,0.8,3500.0,3500.0,건강보조제 건강기능식품 비타민K2+D3 메나퀴논 MK-7 90정 ks코오롱 | 식품 > 건강식품 > 영양제 > 기타건강보조식품 | 건강기능식품 | 건강식품 기능식품 보조식품 건강보조제 건강기능식품 건강보조식품,,,,,,,,,,"[""건강식품"", ""기능식품"", ""보조식품"", ""건강보조제"", ""건강기능식품"", ""건강보조식품""]"
domeggook,66042585,건강보조제 건강기능식품 프리미엄 초임계 알티지 오메가-3 에이드 60캡슐 ks,판매중,직접판매,core,식품 > 건강식품 > 영양제 > 기타건강보조식품,식품,건강식품,기타건강보조식품,p-lumeria,써프라이즈몰,,건강기능식품,수입산_북아메리카(북미)_캐나다,34000,34000,True,1,34000.0,34000.0,1.0,False,0.0,1,0,,True,1,1111,True,True,택배,선결제,False,0.8,3500.0,3500.0,건강보조제 건강기능식품 프리미엄 초임계 알티지 오메가-3 에이드 60캡슐 ks | 식품 > 건강식품 > 영양제 > 기타건강보조식품 | 건강기능식품 | 건강식품 기능식품 보조식품 건강보조제 건강기능식품 건강보조식품,,,,,,,,,,"[""건강식품"", ""기능식품"", ""보조식품"", ""건강보조제"", ""건강기능식품"", ""건강보조식품""]"
domeggook,66042592,건강보조제 건강기능식품 프리미엄 차전자피 식이섬유 30포 ks대웅,판매중,직접판매,core,식품 > 건강식품 > 영양제 > 기타건강보조식품,식품,건강식품,기타건강보조식품,p-lumeria,써프라이즈몰,,건강기능식품,수입산_아시아_인도,22000,22000,True,1,22000.0,22000.0,1.0,False,0.0,1,0,,True,1,1111,True,True,택배,선결제,False,0.8,3500.0,3500.0,건강보조제 건강기능식품 프리미엄 차전자피 식이섬유 30포 ks대웅 | 식품 > 건강식품 > 영양제 > 기타건강보조식품 | 건강기능식품 | 건강식품 기능식품 보조식품 건강보조제 건강기능식품 건강보조식품,,,,,,,,,,"[""건강식품"", ""기능식품"", ""보조식품"", ""건강보조제"", ""건강기능식품"", ""건강보조식품""]"
domeggook,66042600,건강보조제 건강기능식품 프리미엄 프로폴리스1000 180캡슐 ks네이처,판매중,직접판매,core,식품 > 건강식품 > 영양제 > 기타건강보조식품,식품,건강식품,기타건강보조식품,p-lumeria,써프라이즈몰,,건강기능식품,수입산_오세아니아_뉴질랜드,34000,34000,True,1,34000.0,34000.0,1.0,False,0.0,1,0,,True,1,1111,True,True,택배,선결제,False,0.8,3500.0,3500.0,건강보조제 건강기능식품 프리미엄 프로폴리스1000 180캡슐 ks네이처 | 식품 > 건강식품 > 영양제 > 기타건강보조식품 | 건강기능식품 | 건강식품 기능식품 보조식품 건강보조제 건강기능식품 건강보조식품,,,,,,,,,,"[""건강식품"", ""기능식품"", ""보조식품"", ""건강보조제"", ""건강기능식품"", ""건강보조식품""]"
domeggook,66042623,건강보조제 건강기능식품 파이토 멜라토닌 츄어블 스트로베리 플레이버 90정 ks네이처,판매중,직접판매,core,식품 > 건강식품 > 영양제 > 기타건강보조식품,식품,건강식품,기타건강보조식품,p-lumeria,써프라이즈몰,,건강기능식품,수입산_북아메리카(북미)_미국,39000,39000,True,1,39000.0,39000.0,1.0,False,0.0,1,0,,True,1,1111,True,True,택배,선결제,False,0.8,3500.0,3500.0,건강보조제 건강기능식품 파이토 멜라토닌 츄어블 스트로베리 플레이버 90정 ks네이처 | 식품 > 건강식품 > 영양제 > 기타건강보조식품 | 건강기능식품 | 건강식품 기능식품 보조식품 건강보조제 건강기능식품 건강보조식품,,,,,,,,,,"[""건강식품"", ""기능식품"", ""보조식품"", ""건강보조제"", ""건강기능식품"", ""건강보조식품""]"
domeggook,66042671,건강보조제 건강기능식품 아연셀렌 플러스 60정 ks내츄럴,판매중,직접판매,core,식품 > 건강식품 > 영양제 > 기타건강보조식품,식품,건강식품,기타건강보조식품,p-lumeria,써프라이즈몰,,건강기능식품,수입산_북아메리카(북미)_미국,19000,19000,True,1,19000.0,19000.0,1.0,False,0.0,1,0,,True,1,1111,True,True,택배,선결제,False,0.8,3500.0,3500.0,건강보조제 건강기능식품 아연셀렌 플러스 60정 ks내츄럴 | 식품 > 건강식품 > 영양제 > 기타건강보조식품 | 건강기능식품 | 건강식품 기능식품 보조식품 건강보조제 건강기능식품 건강보조식품,,,,,,,,,,"[""건강식품"", ""기능식품"", ""보조식품"", ""건강보조제"", ""건강기능식품"", ""건강보조식품""]"
domeggook,66042747,건강보조제 건강기능식품 아르기닌7000 오르니틴 부스터샷 15포 ks내츄럴,판매중,직접판매,core,식품 > 건강식품 > 영양제 > 기타건강보조식품,식품,건강식품,기타건강보조식품,p-lumeria,써프라이즈몰,,건강기능식품,수입산_북아메리카(북미)_미국,22000,22000,True,1,22000.0,22000.0,1.0,False,0.0,1,0,,True,1,1111,True,True,택배,선결제,False,0.8,3500.0,3500.0,건강보조제 건강기능식품 아르기닌7000 오르니틴 부스터샷 15포 ks내츄럴 | 식품 > 건강식품 > 영양제 > 기타건강보조식품 | 건강기능식품 | 건강식품 기능식품 보조식품 건강보조제 건강기능식품 건강보조식품,,,,,,,,,,"[""건강식품"", ""기능식품"", ""보조식품"", ""건강보조제"", ""건강기능식품"", ""건강보조식품""]"
domeggook,66042809,건강보조제 건강기능식품 두뇌엔 포스파티딜세린 PS 프로맥스 14포 ks참굿,판매중,직접판매,core,식품 > 건강식품 > 영양제 > 기타건강보조식품,식품,건강식품,기타건강보조식품,p-lumeria,써프라이즈몰,,건강기능식품,국산,19000,19000,True,1,19000.0,19000.0,1.0,False,0.0,1,0,,True,1,1111,True,True,택배,선결제,False,0.8,3500.0,3500.0,건강보조제 건강기능식품 두뇌엔 포스파티딜세린 PS 프로맥스 14포 ks참굿 | 식품 > 건강식품 > 영양제 > 기타건강보조식품 | 건강기능식품 | 건강식품 기능식품 보조식품 건강보조제 건강기능식품 건강보조식품,,,,,,,,,,"[""건강식품"", ""기능식품"", ""보조식품"", ""건강보조제"", ""건강기능식품"", ""건강보조식품""]"
domeggook,66042911,건강보조제 건강기능식품 두뇌인지력엔 포스파티딜세린PS 15포 ks종근당,판매중,직접판매,core,식품 > 건강식품 > 영양제 > 기타건강보조식품,식품,건강식품,기타건강보조식품,p-lumeria,써프라이즈몰,,건강기능식품,수입산_북아메리카(북미)_미국,22000,22000,True,1,22000.0,22000.0,1.0,False,0.0,1,0,,True,1,1111,True,True,택배,선결제,False,0.8,3500.0,3500.0,건강보조제 건강기능식품 두뇌인지력엔 포스파티딜세린PS 15포 ks종근당 | 식품 > 건강식품 > 영양제 > 기타건강보조식품 | 건강기능식품 | 건강식품 기능식품 보조식품 건강보조제 건강기능식품 건강보조식품,,,,,,,,,,"[""건강식품"", ""기능식품"", ""보조식품"", ""건강보조제"", ""건강기능식품"", ""건강보조식품""]"
domeggook,66042980,건강보조제 건강기능식품 초임계메나퀴논 비타민k2&D3망간 60정 ks종근당,판매중,직접판매,core,식품 > 건강식품 > 영양제 > 기타건강보조식품,식품,건강식품,기타건강보조식품,p-lumeria,써프라이즈몰,,건강기능식품,수입산_북아메리카(북미)_미국,26000,26000,True,1,26000.0,26000.0,1.0,False,0.0,1,0,,True,1,1111,True,True,택배,선결제,False,0.8,3500.0,3500.0,건강보조제 건강기능식품 초임계메나퀴논 비타민k2&D3망간 60정 ks종근당 | 식품 > 건강식품 > 영양제 > 기타건강보조식품 | 건강기능식품 | 건강식품 기능식품 보조식품 건강보조제 건강기능식품 건강보조식품,,,,,,,,,,"[""건강식품"", ""기능식품"", ""보조식품"", ""건강보조제"", ""건강기능식품"", ""건강보조식품""]"
domeggook,66043193,건강보조제 건강기능식품 코큐텐 CoenzymeQ10 120캡슐 ks네추럴,판매중,직접판매,core,식품 > 건강식품 > 영양제 > 기타건강보조식품,식품,건강식품,기타건강보조식품,p-lumeria,써프라이즈몰,,건강기능식품,국산,38000,38000,True,1,38000.0,38000.0,1.0,False,0.0,1,0,,True,1,1111,True,True,택배,선결제,False,0.8,3500.0,3500.0,건강보조제 건강기능식품 코큐텐 CoenzymeQ10 120캡슐 ks네추럴 | 식품 > 건강식품 > 영양제 > 기타건강보조식품 | 건강기능식품 | 건강식품 기능식품 보조식품 건강보조제 건강기능식품 건강보조식품,,,,,,,,,,"[""건강식품"", ""기능식품"", ""보조식품"", ""건강보조제"", ""건강기능식품"", ""건강보조식품""]"
domeggook,66043269,건강보조제 건강기능식품 건강해질 유산균 30포 ks내츄럴,판매중,직접판매,core,식품 > 건강식품 > 영양제 > 기타건강보조식품,식품,건강식품,기타건강보조식품,p-lumeria,써프라이즈몰,,건강기능식품,국산,18000,18000,True,1,18000.0,18000.0,1.0,False,0.0,1,0,,True,1,1111,True,True,택배,선결제,False,0.8,3500.0,3500.0,건강보조제 건강기능식품 건강해질 유산균 30포 ks내츄럴 | 식품 > 건강식품 > 영양제 > 기타건강보조식품 | 건강기능식품 | 건강식품 기능식품 보조식품 건강보조제 건강기능식품 건강보조식품,,,,,,,,,,"[""건강식품"", ""기능식품"", ""보조식품"", ""건강보조제"", ""건강기능식품"", ""건강보조식품""]"
domeggook,66043314,건강보조제 건강기능식품 프리미엄 마그네슘 400 90정 ks한미,판매중,직접판매,core,식품 > 건강식품 > 영양제 > 기타건강보조식품,식품,건강식품,기타건강보조식품,p-lumeria,써프라이즈몰,,건강기능식품,국산,22000,22000,True,1,22000.0,22000.0,1.0,False,0.0,1,0,,True,1,1111,True,True,택배,선결제,False,0.8,3500.0,3500.0,건강보조제 건강기능식품 프리미엄 마그네슘 400 90정 ks한미 | 식품 > 건강식품 > 영양제 > 기타건강보조식품 | 건강기능식품 | 건강식품 기능식품 보조식품 건강보조제 건강기능식품 건강보조식품,,,,,,,,,,"[""건강식품"", ""기능식품"", ""보조식품"", ""건강보조제"", ""건강기능식품"", ""건강보조식품""]"
domeggook,66043355,건강보조제 건강기능식품 브레인 맥스 솔루션1200 60캡슐 ks,판매중,직접판매,core,식품 > 건강식품 > 영양제 > 기타건강보조식품,식품,건강식품,기타건강보조식품,p-lumeria,써프라이즈몰,,건강기능식품,수입산_북아메리카(북미)_캐나다,79500,79500,True,1,79500.0,79500.0,1.0,False,0.0,1,0,,True,1,1111,True,True,택배,선결제,False,0.8,3500.0,3500.0,건강보조제 건강기능식품 브레인 맥스 솔루션1200 60캡슐 ks | 식품 > 건강식품 > 영양제 > 기타건강보조식품 | 건강기능식품 | 건강식품 기능식품 보조식품 건강보조제 건강기능식품 건강보조식품,,,,,,,,,,"[""건강식품"", ""기능식품"", ""보조식품"", ""건강보조제"", ""건강기능식품"", ""건강보조식품""]"
domeggook,66043493,건강보조제 건강기능식품 오랄 오리진 프로바이오틱스 30정 ks엔젯,판매중,직접판매,core,식품 > 건강식품 > 영양제 > 기타건강보조식품,식품,건강식품,기타건강보조식품,p-lumeria,써프라이즈몰,,건강기능식품,수입산_북아메리카(북미)_미국,26000,26000,True,1,26000.0,26000.0,1.0,False,0.0,1,0,,True,1,1111,True,True,택배,선결제,False,0.8,3500.0,3500.0,건강보조제 건강기능식품 오랄 오리진 프로바이오틱스 30정 ks엔젯 | 식품 > 건강식품 > 영양제 > 기타건강보조식품 | 건강기능식품 | 건강식품 기능식품 보조식품 건강보조제 건강기능식품 건강보조식품,,,,,,,,,,"[""건강식품"", ""기능식품"", ""보조식품"", ""건강보조제"", ""건강기능식품"", ""건강보조식품""]"
domeggook,66043539,건강보조제 건강기능식품 퍼펙트 곤약 세라마이드C 30정 ks닥터,판매중,직접판매,core,식품 > 건강식품 > 영양제 > 기타건강보조식품,식품,건강식품,기타건강보조식품,p-lumeria,써프라이즈몰,,건강기능식품,수입산_북아메리카(북미)_미국,22000,22000,True,1,22000.0,22000.0,1.0,False,0.0,1,0,,True,1,1111,True,True,택배,선결제,False,0.8,3500.0,3500.0,건강보조제 건강기능식품 퍼펙트 곤약 세라마이드C 30정 ks닥터 | 식품 > 건강식품 > 영양제 > 기타건강보조식품 | 건강기능식품 | 건강식품 기능식품 보조식품 건강보조제 건강기능식품 건강보조식품,,,,,,,,,,"[""건강식품"", ""기능식품"", ""보조식품"", ""건강보조제"", ""건강기능식품"", ""건강보조식품""]"
domeggook,66205861,건강보조제 건강기능식품 알부민 골드 120정 ks내츄럴,판매중,직접판매,core,식품 > 건강식품 > 영양제 > 기타건강보조식품,식품,건강식품,기타건강보조식품,p-lumeria,써프라이즈몰,,건강기능식품,수입산_유럽_벨기에,22000,22000,True,1,22000.0,22000.0,1.0,False,0.0,1,0,,True,1,1111,True,True,택배,선결제,False,0.8,3500.0,3500.0,건강보조제 건강기능식품 알부민 골드 120정 ks내츄럴 | 식품 > 건강식품 > 영양제 > 기타건강보조식품 | 건강기능식품 | 건강식품 기능식품 보조식품 건강보조제 건강기능식품 관절건강 건강보조식품,,,,,,,,,,"[""건강식품"", ""기능식품"", ""보조식품"", ""건강보조제"", ""건강기능식품"", ""관절건강"", ""건강보조식품""]"
domeggook,66205903,건강보조제 건강기능식품 하루톡 알부민 골드 14포 ks참굿,판매중,직접판매,core,식품 > 건강식품 > 영양제 > 기타건강보조식품,식품,건강식품,기타건강보조식품,p-lumeria,써프라이즈몰,,건강기능식품,수입산_유럽_덴마크,16000,16000,True,1,16000.0,16000.0,1.0,False,0.0,1,0,,True,1,1111,True,True,택배,선결제,False,0.8,3500.0,3500.0,건강보조제 건강기능식품 하루톡 알부민 골드 14포 ks참굿 | 식품 > 건강식품 > 영양제 > 기타건강보조식품 | 건강기능식품 | 건강식품 기능식품 보조식품 건강보조제 건강기능식품 관절건강 건강보조식품,,,,,,,,,,"[""건강식품"", ""기능식품"", ""보조식품"", ""건강보조제"", ""건강기능식품"", ""관절건강"", ""건강보조식품""]"
domeggook,66205944,건강보조제 건강기능식품 프리미엄 골드 알부민 킹 30포 ks헬씨,판매중,직접판매,core,식품 > 건강식품 > 영양제 > 기타건강보조식품,식품,건강식품,기타건강보조식품,p-lumeria,써프라이즈몰,,건강기능식품,수입산_유럽_덴마크,22000,22000,True,1,22000.0,22000.0,1.0,False,0.0,1,0,,True,1,1111,True,True,택배,선결제,False,0.9,3500.0,3500.0,건강보조제 건강기능식품 프리미엄 골드 알부민 킹 30포 ks헬씨 | 식품 > 건강식품 > 영양제 > 기타건강보조식품 | 건강기능식품 | 건강식품 기능식품 보조식품 건강보조제 건강기능식품 관절건강 건강보조식품,,,,,,,,,,"[""건강식품"", ""기능식품"", ""보조식품"", ""건강보조제"", ""건강기능식품"", ""관절건강"", ""건강보조식품""]"
domeggook,66205956,건강보조제 건강기능식품 알부민 정 120정 ks웰바른,판매중,직접판매,core,식품 > 건강식품 > 영양제 > 기타건강보조식품,식품,건강식품,기타건강보조식품,p-lumeria,써프라이즈몰,,건강기능식품,수입산_유럽_벨기에,32000,32000,True,1,32000.0,32000.0,1.0,False,0.0,1,0,,True,1,1111,True,True,택배,선결제,False,0.8,3500.0,3500.0,건강보조제 건강기능식품 알부민 정 120정 ks웰바른 | 식품 > 건강식품 > 영양제 > 기타건강보조식품 | 건강기능식품 | 건강식품 기능식품 보조식품 건강보조제 건강기능식품 관절건강 건강보조식품,,,,,,,,,,"[""건강식품"", ""기능식품"", ""보조식품"", ""건강보조제"", ""건강기능식품"", ""관절건강"", ""건강보조식품""]"
domeggook,66205981,건강보조제 건강기능식품 로얄 알부민 골드 120정 ksCNB,판매중,직접판매,core,식품 > 건강식품 > 영양제 > 기타건강보조식품,식품,건강식품,기타건강보조식품,p-lumeria,써프라이즈몰,,건강기능식품,수입산_유럽_벨기에,32000,32000,True,1,32000.0,32000.0,1.0,False,0.0,1,0,,True,1,1111,True,True,택배,선결제,False,0.8,3500.0,3500.0,건강보조제 건강기능식품 로얄 알부민 골드 120정 ksCNB | 식품 > 건강식품 > 영양제 > 기타건강보조식품 | 건강기능식품 | 건강식품 기능식품 보조식품 건강보조제 건강기능식품 관절건강 건강보조식품,,,,,,,,,,"[""건강식품"", ""기능식품"", ""보조식품"", ""건강보조제"", ""건강기능식품"", ""관절건강"", ""건강보조식품""]"
domeggook,66206014,건강보조제 건강기능식품 활력 알부민 15포 ks내츄럴,판매중,직접판매,core,식품 > 건강식품 > 영양제 > 기타건강보조식품,식품,건강식품,기타건강보조식품,p-lumeria,써프라이즈몰,,건강기능식품,수입산_유럽_프랑스,18000,18000,True,1,18000.0,18000.0,1.0,False,0.0,1,0,,True,1,1111,True,True,택배,선결제,False,0.8,3500.0,3500.0,건강보조제 건강기능식품 활력 알부민 15포 ks내츄럴 | 식품 > 건강식품 > 영양제 > 기타건강보조식품 | 건강기능식품 | 건강식품 기능식품 보조식품 건강보조제 건강기능식품 관절건강 건강보조식품,,,,,,,,,,"[""건강식품"", ""기능식품"", ""보조식품"", ""건강보조제"", ""건강기능식품"", ""관절건강"", ""건강보조식품""]"
domeggook,66206022,건강보조제 건강기능식품 알부민 골드플러스 60정 ks참굿,판매중,직접판매,core,식품 > 건강식품 > 영양제 > 기타건강보조식품,식품,건강식품,기타건강보조식품,p-lumeria,써프라이즈몰,,건강기능식품,수입산_유럽_벨기에,18000,18000,True,1,18000.0,18000.0,1.0,False,0.0,1,0,,True,1,1111,True,True,택배,선결제,False,0.8,3500.0,3500.0,건강보조제 건강기능식품 알부민 골드플러스 60정 ks참굿 | 식품 > 건강식품 > 영양제 > 기타건강보조식품 | 건강기능식품 | 건강식품 기능식품 보조식품 건강보조제 건강기능식품 관절건강 건강보조식품,,,,,,,,,,"[""건강식품"", ""기능식품"", ""보조식품"", ""건강보조제"", ""건강기능식품"", ""관절건강"", ""건강보조식품""]"
domeggook,66206029,건강보조제 건강기능식품뉴 알부민 골드 25ml 30병 ks보령,판매중,직접판매,core,식품 > 건강식품 > 영양제 > 기타건강보조식품,식품,건강식품,기타건강보조식품,p-lumeria,써프라이즈몰,,건강기능식품,수입산_유럽_덴마크,99000,99000,True,1,99000.0,99000.0,1.0,False,0.0,1,0,,True,1,1111,True,True,택배,선결제,False,0.8,3500.0,3500.0,건강보조제 건강기능식품뉴 알부민 골드 25ml 30병 ks보령 | 식품 > 건강식품 > 영양제 > 기타건강보조식품 | 건강기능식품 | 건강식품 기능식품 보조식품 건강보조제 건강기능식품 관절건강 건강보조식품,,,,,,,,,,"[""건강식품"", ""기능식품"", ""보조식품"", ""건강보조제"", ""건강기능식품"", ""관절건강"", ""건강보조식품""]"
domeggook,66251593,건강보조제 건강기능식품 순수자연 유기농 컬리케일 14포 ks트리밀,판매중,직접판매,core,식품 > 건강식품 > 영양제 > 기타건강보조식품,식품,건강식품,기타건강보조식품,p-lumeria,써프라이즈몰,,건강기능식품,수입산_유럽_폴란드,16000,16000,True,1,16000.0,16000.0,1.0,False,0.0,1,0,,True,1,1111,True,True,택배,선결제,False,0.8,3500.0,3500.0,건강보조제 건강기능식품 순수자연 유기농 컬리케일 14포 ks트리밀 | 식품 > 건강식품 > 영양제 > 기타건강보조식품 | 건강기능식품 | 건강식품 기능식품 보조식품 건강보조제 건강기능식품 관절건강 건강보조식품,,,,,,,,,,"[""건강식품"", ""기능식품"", ""보조식품"", ""건강보조제"", ""건강기능식품"", ""관절건강"", ""건강보조식품""]"
domeggook,66314986,건강보조제 건강기능식품 프리미엄 울트라 오메가3 휘시오일 1300 ks에버그린,판매중,직접판매,core,식품 > 건강식품 > 영양제 > 기타건강보조식품,식품,건강식품,기타건강보조식품,p-lumeria,써프라이즈몰,,건강기능식품,수입산_북아메리카(북미)_캐나다,42000,42000,True,1,42000.0,42000.0,1.0,False,0.0,1,0,,True,1,1111,True,True,택배,선결제,False,0.8,3500.0,3500.0,건강보조제 건강기능식품 프리미엄 울트라 오메가3 휘시오일 1300 ks에버그린 | 식품 > 건강식품 > 영양제 > 기타건강보조식품 | 건강기능식품 | 건강식품 기능식품 보조식품 건강보조제 건강기능식품 관절건강 건강보조식품,,,,,,,,,,"[""건강식품"", ""기능식품"", ""보조식품"", ""건강보조제"", ""건강기능식품"", ""관절건강"", ""건강보조식품""]"
domeggook,66315053,건강보조제 건강기능식품 울트라 브이맨 60캡슐 ks,판매중,직접판매,core,식품 > 건강식품 > 영양제 > 기타건강보조식품,식품,건강식품,기타건강보조식품,p-lumeria,써프라이즈몰,,건강기능식품,수입산_북아메리카(북미)_캐나다,38000,38000,True,1,38000.0,38000.0,1.0,False,0.0,1,0,,True,1,1111,True,True,택배,선결제,False,0.8,3500.0,3500.0,건강보조제 건강기능식품 울트라 브이맨 60캡슐 ks | 식품 > 건강식품 > 영양제 > 기타건강보조식품 | 건강기능식품 | 건강식품 기능식품 보조식품 건강보조제 건강기능식품 관절건강 건강보조식품,,,,,,,,,,"[""건강식품"", ""기능식품"", ""보조식품"", ""건강보조제"", ""건강기능식품"", ""관절건강"", ""건강보조식품""]"
domeggook,66315092,건강보조제 건강기능식품 울트라 파워 아이 루테인 90캡슐 ks네츄럴,판매중,직접판매,core,식품 > 건강식품 > 영양제 > 기타건강보조식품,식품,건강식품,기타건강보조식품,p-lumeria,써프라이즈몰,,건강기능식품,수입산_북아메리카(북미)_캐나다,24000,24000,True,1,24000.0,24000.0,1.0,False,0.0,1,0,,True,1,1111,True,True,택배,선결제,False,0.8,3500.0,3500.0,건강보조제 건강기능식품 울트라 파워 아이 루테인 90캡슐 ks네츄럴 | 식품 > 건강식품 > 영양제 > 기타건강보조식품 | 건강기능식품 | 건강식품 기능식품 보조식품 건강보조제 건강기능식품 관절건강 건강보조식품,,,,,,,,,,"[""건강식품"", ""기능식품"", ""보조식품"", ""건강보조제"", ""건강기능식품"", ""관절건강"", ""건강보조식품""]"
domeggook,66315133,건강보조제 건강기능식품 어린콜라겐 비오틴 정 울트라 60정 ks락토,판매중,직접판매,core,식품 > 건강식품 > 영양제 > 기타건강보조식품,식품,건강식품,기타건강보조식품,p-lumeria,써프라이즈몰,,건강기능식품,수입산_아시아_인도,22000,22000,True,1,22000.0,22000.0,1.0,False,0.0,1,0,,True,1,1111,True,True,택배,선결제,False,0.8,3500.0,3500.0,건강보조제 건강기능식품 어린콜라겐 비오틴 정 울트라 60정 ks락토 | 식품 > 건강식품 > 영양제 > 기타건강보조식품 | 건강기능식품 | 건강식품 기능식품 보조식품 건강보조제 건강기능식품 관절건강 건강보조식품,,,,,,,,,,"[""건강식품"", ""기능식품"", ""보조식품"", ""건강보조제"", ""건강기능식품"", ""관절건강"", ""건강보조식품""]"
domeggook,66315582,건강보조제 건강기능식품 리탱글 제주감귤엔 홍삼 콜라겐 14포 ks대동,판매중,직접판매,core,식품 > 건강식품 > 영양제 > 기타건강보조식품,식품,건강식품,기타건강보조식품,p-lumeria,써프라이즈몰,,건강기능식품,수입산_아시아_베트남,24000,24000,True,1,24000.0,24000.0,1.0,False,0.0,1,0,,True,1,1111,True,True,택배,선결제,False,0.8,3500.0,3500.0,건강보조제 건강기능식품 리탱글 제주감귤엔 홍삼 콜라겐 14포 ks대동 | 식품 > 건강식품 > 영양제 > 기타건강보조식품 | 건강기능식품 | 건강식품 기능식품 보조식품 건강보조제 건강기능식품 관절건강 건강보조식품,,,,,,,,,,"[""건강식품"", ""기능식품"", ""보조식품"", ""건강보조제"", ""건강기능식품"", ""관절건강"", ""건강보조식품""]"
domeggook,58723584,건강기능식품 아연셀렌 플러스 60정 KS,판매중,직접판매,core,식품 > 건강식품 > 영양제 > 기타건강보조식품,식품,건강식품,기타건강보조식품,goodlionshop,라이온쇼핑,,건강기능식품,수입산_유럽_에스토니아,17000,17000,True,1,17000.0,17000.0,1.0,False,0.0,1,0,,True,1,1111,True,True,택배,선결제,False,1.0,3500.0,3500.0,건강기능식품 아연셀렌 플러스 60정 KS | 식품 > 건강식품 > 영양제 > 기타건강보조식품 | 건강기능식품 | 건강보조제 건강기능식품 유산균 보충제 영양제 보조식품 건강보조식품 기능식품 장건강 바이오틱스,,,,,,,,,,"[""건강보조제"", ""건강기능식품"", ""유산균"", ""보충제"", ""영양제"", ""보조식품"", ""건강보조식품"", ""기능식품"", ""장건강"", ""바이오틱스""]"
domeggook,58724170,건강기능식품 엑스트라 버진 올리브오일 30포 KS,판매중,직접판매,core,식품 > 건강식품 > 영양제 > 기타건강보조식품,식품,건강식품,기타건강보조식품,goodlionshop,라이온쇼핑,,건강기능식품,수입산_유럽_스페인,26000,26000,True,1,26000.0,26000.0,1.0,False,0.0,1,0,,True,1,1111,True,True,택배,선결제,False,1.0,3500.0,3500.0,건강기능식품 엑스트라 버진 올리브오일 30포 KS | 식품 > 건강식품 > 영양제 > 기타건강보조식품 | 건강기능식품 | 건강보조제 건강기능식품 유산균 보충제 영양제 보조식품 건강보조식품 기능식품 장건강 바이오틱스,,,,,,,,,,"[""건강보조제"", ""건강기능식품"", ""유산균"", ""보충제"", ""영양제"", ""보조식품"", ""건강보조식품"", ""기능식품"", ""장건강"", ""바이오틱스""]"
domeggook,59367224,건강기능식품 맥주효모 비오틴 90정 KS,판매중,직접판매,core,식품 > 건강식품 > 영양제 > 기타건강보조식품,식품,건강식품,기타건강보조식품,goodlionshop,라이온쇼핑,,건강기능식품,수입산_유럽_독일,28000,28000,True,1,28000.0,28000.0,1.0,False,0.0,1,0,,True,1,1111,True,True,택배,선결제,False,1.1,3500.0,3500.0,건강기능식품 맥주효모 비오틴 90정 KS | 식품 > 건강식품 > 영양제 > 기타건강보조식품 | 건강기능식품 | 건강보조제 건강기능식품 건강식품 보충제 영양제 보조식품 건강보조식품 기능식품 장건강,,,,,,,,,,"[""건강보조제"", ""건강기능식품"", ""건강식품"", ""보충제"", ""영양제"", ""보조식품"", ""건강보조식품"", ""기능식품"", ""장건강""]"
domeggook,59367362,건강기능식품 맥주효모 아누카사과 정 비오틴 플러스업 60정 KS,판매중,직접판매,core,식품 > 건강식품 > 영양제 > 기타건강보조식품,식품,건강식품,기타건강보조식품,goodlionshop,라이온쇼핑,,건강기능식품,수입산_유럽_폴란드,26000,26000,True,1,26000.0,26000.0,1.0,False,0.0,1,0,,True,1,1111,True,True,택배,선결제,False,1.1,3500.0,3500.0,건강기능식품 맥주효모 아누카사과 정 비오틴 플러스업 60정 KS | 식품 > 건강식품 > 영양제 > 기타건강보조식품 | 건강기능식품 | 건강보조제 건강기능식품 건강식품 보충제 영양제 보조식품 건강보조식품 기능식품 장건강,,,,,,,,,,"[""건강보조제"", ""건강기능식품"", ""건강식품"", ""보충제"", ""영양제"", ""보조식품"", ""건강보조식품"", ""기능식품"", ""장건강""]"
domeggook,59368372,건강기능식품 맥주 효모 비오틴 골드 케어 90정 KS,판매중,직접판매,core,식품 > 건강식품 > 영양제 > 기타건강보조식품,식품,건강식품,기타건강보조식품,goodlionshop,라이온쇼핑,,건강기능식품,수입산_유럽_프랑스,27000,27000,True,1,27000.0,27000.0,1.0,False,0.0,1,0,,True,1,1111,True,True,택배,선결제,False,1.1,3500.0,3500.0,건강기능식품 맥주 효모 비오틴 골드 케어 90정 KS | 식품 > 건강식품 > 영양제 > 기타건강보조식품 | 건강기능식품 | 건강보조제 건강기능식품 건강식품 보충제 영양제 보조식품 건강보조식품 기능식품 장건강,,,,,,,,,,"[""건강보조제"", ""건강기능식품"", ""건강식품"", ""보충제"", ""영양제"", ""보조식품"", ""건강보조식품"", ""기능식품"", ""장건강""]"
domeggook,59368440,건강기능식품 앤초비 오메가3 루테인 비타민D 플러스 180캡슐 KS,판매중,직접판매,core,식품 > 건강식품 > 영양제 > 기타건강보조식품,식품,건강식품,기타건강보조식품,goodlionshop,라이온쇼핑,,건강기능식품,수입산_북아메리카(북미)_캐나다,58000,58000,True,1,58000.0,58000.0,1.0,False,0.0,1,0,,True,1,1111,True,True,택배,선결제,False,1.1,3500.0,3500.0,건강기능식품 앤초비 오메가3 루테인 비타민D 플러스 180캡슐 KS | 식품 > 건강식품 > 영양제 > 기타건강보조식품 | 건강기능식품 | 건강보조제 건강기능식품 건강식품 보충제 영양제 보조식품 건강보조식품 기능식품 장건강,,,,,,,,,,"[""건강보조제"", ""건강기능식품"", ""건강식품"", ""보충제"", ""영양제"", ""보조식품"", ""건강보조식품"", ""기능식품"", ""장건강""]"
domeggook,59368539,건강기능식품 비오틴 맥스 12000 60캡슐 KS,판매중,직접판매,core,식품 > 건강식품 > 영양제 > 기타건강보조식품,식품,건강식품,기타건강보조식품,goodlionshop,라이온쇼핑,,건강기능식품,수입산_북아메리카(북미)_미국,29000,29000,True,1,29000.0,29000.0,1.0,False,0.0,1,0,,True,1,1111,True,True,택배,선결제,False,1.1,3500.0,3500.0,건강기능식품 비오틴 맥스 12000 60캡슐 KS | 식품 > 건강식품 > 영양제 > 기타건강보조식품 | 건강기능식품 | 건강보조제 건강기능식품 건강식품 보충제 영양제 보조식품 건강보조식품 기능식품 장건강,,,,,,,,,,"[""건강보조제"", ""건강기능식품"", ""건강식품"", ""보충제"", ""영양제"", ""보조식품"", ""건강보조식품"", ""기능식품"", ""장건강""]"
domeggook,59368575,건강기능식품 비오틴 맥스 12000 60캡슐 KS,판매중,직접판매,core,식품 > 건강식품 > 영양제 > 기타건강보조식품,식품,건강식품,기타건강보조식품,goodlionshop,라이온쇼핑,,건강기능식품,수입산_유럽_독일,22000,22000,True,1,22000.0,22000.0,1.0,False,0.0,1,0,,True,1,1110,False,True,택배,선결제,False,1.1,3500.0,3500.0,건강기능식품 비오틴 맥스 12000 60캡슐 KS | 식품 > 건강식품 > 영양제 > 기타건강보조식품 | 건강기능식품 | 건강보조제 건강기능식품 건강식품 보충제 영양제 보조식품 건강보조식품 기능식품 장건강,,,,,,,,,,"[""건강보조제"", ""건강기능식품"", ""건강식품"", ""보충제"", ""영양제"", ""보조식품"", ""건강보조식품"", ""기능식품"", ""장건강""]"
domeggook,59368623,건강기능식품 비오틴 8000 90정 KS,판매중,직접판매,core,식품 > 건강식품 > 영양제 > 기타건강보조식품,식품,건강식품,기타건강보조식품,goodlionshop,라이온쇼핑,,건강기능식품,수입산_북아메리카(북미)_미국,26000,26000,True,1,26000.0,26000.0,1.0,False,0.0,1,0,,True,1,1111,True,True,택배,선결제,False,1.1,3500.0,3500.0,건강기능식품 비오틴 8000 90정 KS | 식품 > 건강식품 > 영양제 > 기타건강보조식품 | 건강기능식품 | 건강보조제 건강기능식품 건강식품 보충제 영양제 보조식품 건강보조식품 기능식품 장건강,,,,,,,,,,"[""건강보조제"", ""건강기능식품"", ""건강식품"", ""보충제"", ""영양제"", ""보조식품"", ""건강보조식품"", ""기능식품"", ""장건강""]"
domeggook,59368699,건강기능식품 엔초비 오메가3 + 비타민D 180캡슐 KS,판매중,직접판매,core,식품 > 건강식품 > 영양제 > 기타건강보조식품,식품,건강식품,기타건강보조식품,goodlionshop,라이온쇼핑,,건강기능식품,수입산_북아메리카(북미)_캐나다,38000,38000,True,1,38000.0,38000.0,1.0,False,0.0,1,0,,True,1,1110,False,True,택배,선결제,False,1.1,3500.0,3500.0,건강기능식품 엔초비 오메가3 + 비타민D 180캡슐 KS | 식품 > 건강식품 > 영양제 > 기타건강보조식품 | 건강기능식품 | 건강보조제 건강기능식품 건강식품 보충제 영양제 보조식품 건강보조식품 기능식품 장건강,,,,,,,,,,"[""건강보조제"", ""건강기능식품"", ""건강식품"", ""보충제"", ""영양제"", ""보조식품"", ""건강보조식품"", ""기능식품"", ""장건강""]"
domeggook,59368789,건강기능식품 맥주효모 아누카사과 정 비오틴 플러스업 60정 KS,판매중,직접판매,core,식품 > 건강식품 > 영양제 > 기타건강보조식품,식품,건강식품,기타건강보조식품,goodlionshop,라이온쇼핑,,건강기능식품,수입산_유럽_폴란드,22000,22000,True,1,22000.0,22000.0,1.0,False,0.0,1,0,,True,1,1111,True,True,택배,선결제,False,1.1,3500.0,3500.0,건강기능식품 맥주효모 아누카사과 정 비오틴 플러스업 60정 KS | 식품 > 건강식품 > 영양제 > 기타건강보조식품 | 건강기능식품 | 건강보조제 건강기능식품 건강식품 보충제 영양제 보조식품 건강보조식품 기능식품 장건강,,,,,,,,,,"[""건강보조제"", ""건강기능식품"", ""건강식품"", ""보충제"", ""영양제"", ""보조식품"", ""건강보조식품"", ""기능식품"", ""장건강""]"
domeggook,59415387,건강기능식품 저분자 어린콜라겐펩타이드 비오틴 30포 KS,판매중,직접판매,core,식품 > 건강식품 > 영양제 > 기타건강보조식품,식품,건강식품,기타건강보조식품,goodlionshop,라이온쇼핑,,건강기능식품,수입산_아시아_인도,22000,22000,True,1,22000.0,22000.0,1.0,False,0.0,1,0,,True,1,1110,False,True,택배,선결제,False,1.0,3500.0,3500.0,건강기능식품 저분자 어린콜라겐펩타이드 비오틴 30포 KS | 식품 > 건강식품 > 영양제 > 기타건강보조식품 | 건강기능식품 | 건강보조제 건강기능식품 건강식품 보충제 영양제 보조식품 건강보조식품 기능식품 장건강,,,,,,,,,,"[""건강보조제"", ""건강기능식품"", ""건강식품"", ""보충제"", ""영양제"", ""보조식품"", ""건강보조식품"", ""기능식품"", ""장건강""]"
domeggook,59415396,건강기능식품 맥스 비오틴 5000 & 비타민C 60정 KS,판매중,직접판매,core,식품 > 건강식품 > 영양제 > 기타건강보조식품,식품,건강식품,기타건강보조식품,goodlionshop,라이온쇼핑,,건강기능식품,수입산_북아메리카(북미)_미국,32000,32000,True,1,32000.0,32000.0,1.0,False,0.0,1,0,,True,1,1111,True,True,택배,선결제,False,1.0,3500.0,3500.0,건강기능식품 맥스 비오틴 5000 & 비타민C 60정 KS | 식품 > 건강식품 > 영양제 > 기타건강보조식품 | 건강기능식품 | 건강보조제 건강기능식품 건강식품 보충제 영양제 보조식품 건강보조식품 기능식품 장건강,,,,,,,,,,"[""건강보조제"", ""건강기능식품"", ""건강식품"", ""보충제"", ""영양제"", ""보조식품"", ""건강보조식품"", ""기능식품"", ""장건강""]"
domeggook,59415482,건강기능식품 초유 산양유 단백질 락토페린 비오틴 90포 KS,판매중,직접판매,core,식품 > 건강식품 > 영양제 > 기타건강보조식품,식품,건강식품,기타건강보조식품,goodlionshop,라이온쇼핑,,건강기능식품,수입산_북아메리카(북미)_미국,29000,29000,True,1,29000.0,29000.0,1.0,False,0.0,1,0,,True,1,1111,True,True,택배,선결제,False,1.0,3500.0,3500.0,건강기능식품 초유 산양유 단백질 락토페린 비오틴 90포 KS | 식품 > 건강식품 > 영양제 > 기타건강보조식품 | 건강기능식품 | 건강보조제 건강기능식품 건강식품 보충제 영양제 보조식품 건강보조식품 기능식품 장건강,,,,,,,,,,"[""건강보조제"", ""건강기능식품"", ""건강식품"", ""보충제"", ""영양제"", ""보조식품"", ""건강보조식품"", ""기능식품"", ""장건강""]"
domeggook,59415528,건강기능식품 락토테미 어린콜라겐 비오틴 30포 KS,판매중,직접판매,core,식품 > 건강식품 > 영양제 > 기타건강보조식품,식품,건강식품,기타건강보조식품,goodlionshop,라이온쇼핑,,건강기능식품,수입산_아시아_일본,29000,29000,True,1,29000.0,29000.0,1.0,False,0.0,1,0,,True,1,1111,True,True,택배,선결제,False,1.0,3500.0,3500.0,건강기능식품 락토테미 어린콜라겐 비오틴 30포 KS | 식품 > 건강식품 > 영양제 > 기타건강보조식품 | 건강기능식품 | 건강보조제 건강기능식품 건강식품 보충제 영양제 보조식품 건강보조식품 기능식품 장건강,,,,,,,,,,"[""건강보조제"", ""건강기능식품"", ""건강식품"", ""보충제"", ""영양제"", ""보조식품"", ""건강보조식품"", ""기능식품"", ""장건강""]"
domeggook,59415560,건강기능식품 비오틴 10000 플러스 판토텐산 30정 KS,판매중,직접판매,core,식품 > 건강식품 > 영양제 > 기타건강보조식품,식품,건강식품,기타건강보조식품,goodlionshop,라이온쇼핑,,건강기능식품,국산,19000,19000,True,1,19000.0,19000.0,1.0,False,0.0,1,0,,True,1,1111,True,True,택배,선결제,False,1.0,3500.0,3500.0,건강기능식품 비오틴 10000 플러스 판토텐산 30정 KS | 식품 > 건강식품 > 영양제 > 기타건강보조식품 | 건강기능식품 | 건강보조제 건강기능식품 건강식품 보충제 영양제 보조식품 건강보조식품 기능식품 장건강,,,,,,,,,,"[""건강보조제"", ""건강기능식품"", ""건강식품"", ""보충제"", ""영양제"", ""보조식품"", ""건강보조식품"", ""기능식품"", ""장건강""]"
domeggook,59415638,건강기능식품 메가 판토텐산 비오틴 10000 60정 KS,판매중,직접판매,core,식품 > 건강식품 > 영양제 > 기타건강보조식품,식품,건강식품,기타건강보조식품,goodlionshop,라이온쇼핑,,건강기능식품,국산,24000,24000,True,1,24000.0,24000.0,1.0,False,0.0,1,0,,True,1,1110,False,True,택배,선결제,False,1.0,3500.0,3500.0,건강기능식품 메가 판토텐산 비오틴 10000 60정 KS | 식품 > 건강식품 > 영양제 > 기타건강보조식품 | 건강기능식품 | 건강보조제 건강기능식품 건강식품 보충제 영양제 보조식품 건강보조식품 기능식품 장건강,,,,,,,,,,"[""건강보조제"", ""건강기능식품"", ""건강식품"", ""보충제"", ""영양제"", ""보조식품"", ""건강보조식품"", ""기능식품"", ""장건강""]"
domeggook,59415844,건강기능식품 토탈케어 맥주효모 비오틴 90정 KS,판매중,직접판매,core,식품 > 건강식품 > 영양제 > 기타건강보조식품,식품,건강식품,기타건강보조식품,goodlionshop,라이온쇼핑,,건강기능식품,수입산_유럽_독일,18000,18000,True,1,18000.0,18000.0,1.0,False,0.0,1,0,,True,1,1111,True,True,택배,선결제,False,1.0,3500.0,3500.0,건강기능식품 토탈케어 맥주효모 비오틴 90정 KS | 식품 > 건강식품 > 영양제 > 기타건강보조식품 | 건강기능식품 | 건강보조제 건강기능식품 건강식품 보충제 영양제 보조식품 건강보조식품 기능식품 장건강,,,,,,,,,,"[""건강보조제"", ""건강기능식품"", ""건강식품"", ""보충제"", ""영양제"", ""보조식품"", ""건강보조식품"", ""기능식품"", ""장건강""]"
domeggook,59416409,건강기능식품 더시크 비오틴 60캡슐 KS,판매중,직접판매,core,식품 > 건강식품 > 영양제 > 기타건강보조식품,식품,건강식품,기타건강보조식품,goodlionshop,라이온쇼핑,,건강기능식품,수입산_북아메리카(북미)_미국,22000,22000,True,1,22000.0,22000.0,1.0,False,0.0,1,0,,True,1,1109,False,True,택배,선결제,False,1.0,3500.0,3500.0,건강기능식품 더시크 비오틴 60캡슐 KS | 식품 > 건강식품 > 영양제 > 기타건강보조식품 | 건강기능식품 | 건강보조제 건강기능식품 건강식품 보충제 영양제 보조식품 건강보조식품 기능식품 장건강,,,,,,,,,,"[""건강보조제"", ""건강기능식품"", ""건강식품"", ""보충제"", ""영양제"", ""보조식품"", ""건강보조식품"", ""기능식품"", ""장건강""]"
domeggook,59416527,건강기능식품 벤비티 비오틴 90정 KS,판매중,직접판매,core,식품 > 건강식품 > 영양제 > 기타건강보조식품,식품,건강식품,기타건강보조식품,goodlionshop,라이온쇼핑,,건강기능식품,수입산_유럽_프랑스,26000,26000,True,1,26000.0,26000.0,1.0,False,0.0,1,0,,True,1,1111,True,True,택배,선결제,False,1.0,3500.0,3500.0,건강기능식품 벤비티 비오틴 90정 KS | 식품 > 건강식품 > 영양제 > 기타건강보조식품 | 건강기능식품 | 건강보조제 건강기능식품 건강식품 보충제 영양제 보조식품 건강보조식품 기능식품 장건강,,,,,,,,,,"[""건강보조제"", ""건강기능식품"", ""건강식품"", ""보충제"", ""영양제"", ""보조식품"", ""건강보조식품"", ""기능식품"", ""장건강""]"
domeggook,59416643,건강기능식품 메가 플러스 비오틴 10000 60정 KS,판매중,직접판매,core,식품 > 건강식품 > 영양제 > 기타건강보조식품,식품,건강식품,기타건강보조식품,goodlionshop,라이온쇼핑,,건강기능식품,국산,19000,19000,True,1,19000.0,19000.0,1.0,False,0.0,1,0,,True,1,1111,True,True,택배,선결제,False,1.1,3500.0,3500.0,건강기능식품 메가 플러스 비오틴 10000 60정 KS | 식품 > 건강식품 > 영양제 > 기타건강보조식품 | 건강기능식품 | 건강보조제 건강기능식품 건강식품 보충제 영양제 보조식품 건강보조식품 기능식품 장건강,,,,,,,,,,"[""건강보조제"", ""건강기능식품"", ""건강식품"", ""보충제"", ""영양제"", ""보조식품"", ""건강보조식품"", ""기능식품"", ""장건강""]"
domeggook,61184527,건강기능식품 다이어트 핏 CLA 180캡슐 KS,판매중,직접판매,core,식품 > 건강식품 > 영양제 > 기타건강보조식품,식품,건강식품,기타건강보조식품,goodlionshop,라이온쇼핑,,건강기능식품,수입산_북아메리카(북미)_캐나다,36000,36000,True,1,36000.0,36000.0,1.0,False,0.0,1,0,,True,1,1111,True,True,택배,선결제,False,1.0,3500.0,3500.0,건강기능식품 다이어트 핏 CLA 180캡슐 KS | 식품 > 건강식품 > 영양제 > 기타건강보조식품 | 건강기능식품 | 건강보조제 건강기능식품 건강식품 보충제 영양제 보조식품 건강보조식품 기능식품,,,,,,,,,,"[""건강보조제"", ""건강기능식품"", ""건강식품"", ""보충제"", ""영양제"", ""보조식품"", ""건강보조식품"", ""기능식품""]"
domeggook,61184664,건강기능식품 유기농 올리브오일 14포 KS,판매중,직접판매,core,식품 > 건강식품 > 영양제 > 기타건강보조식품,식품,건강식품,기타건강보조식품,goodlionshop,라이온쇼핑,,건강기능식품,수입산_유럽_스페인,21000,21000,True,1,21000.0,21000.0,1.0,False,0.0,1,0,,True,1,1111,True,True,택배,선결제,False,1.0,3500.0,3500.0,건강기능식품 유기농 올리브오일 14포 KS | 식품 > 건강식품 > 영양제 > 기타건강보조식품 | 건강기능식품 | 건강보조제 건강기능식품 건강식품 보충제 영양제 보조식품 건강보조식품 기능식품,,,,,,,,,,"[""건강보조제"", ""건강기능식품"", ""건강식품"", ""보충제"", ""영양제"", ""보조식품"", ""건강보조식품"", ""기능식품""]"
domeggook,61184792,건강기능식품 혈당키퍼 플러스 30포 KS,판매중,직접판매,core,식품 > 건강식품 > 영양제 > 기타건강보조식품,식품,건강식품,기타건강보조식품,goodlionshop,라이온쇼핑,,건강기능식품,국산,22000,22000,True,1,22000.0,22000.0,1.0,False,0.0,1,0,,True,1,1111,True,True,택배,선결제,False,1.0,3500.0,3500.0,건강기능식품 혈당키퍼 플러스 30포 KS | 식품 > 건강식품 > 영양제 > 기타건강보조식품 | 건강기능식품 | 건강보조제 건강기능식품 건강식품 보충제 영양제 보조식품 건강보조식품 기능식품,,,,,,,,,,"[""건강보조제"", ""건강기능식품"", ""건강식품"", ""보충제"", ""영양제"", ""보조식품"", ""건강보조식품"", ""기능식품""]"
domeggook,61184875,건강기능식품 멀티비타민&미네랄24 맥스 180정 KS,판매중,직접판매,core,식품 > 건강식품 > 영양제 > 기타건강보조식품,식품,건강식품,기타건강보조식품,goodlionshop,라이온쇼핑,,건강기능식품,수입산_북아메리카(북미)_캐나다,32000,32000,True,1,32000.0,32000.0,1.0,False,0.0,1,0,,True,1,1111,True,True,택배,선결제,False,1.0,3500.0,3500.0,건강기능식품 멀티비타민&미네랄24 맥스 180정 KS | 식품 > 건강식품 > 영양제 > 기타건강보조식품 | 건강기능식품 | 건강보조제 건강기능식품 건강식품 보충제 영양제 보조식품 건강보조식품 기능식품,,,,,,,,,,"[""건강보조제"", ""건강기능식품"", ""건강식품"", ""보충제"", ""영양제"", ""보조식품"", ""건강보조식품"", ""기능식품""]"
domeggook,61184971,건강기능식품 대마종자유 100 30캡슐 KS,판매중,직접판매,core,식품 > 건강식품 > 영양제 > 기타건강보조식품,식품,건강식품,기타건강보조식품,goodlionshop,라이온쇼핑,,건강기능식품,수입산_유럽_네덜란드,20000,20000,True,1,20000.0,20000.0,1.0,False,0.0,1,0,,True,1,1111,True,True,택배,선결제,False,1.0,3500.0,3500.0,건강기능식품 대마종자유 100 30캡슐 KS | 식품 > 건강식품 > 영양제 > 기타건강보조식품 | 건강기능식품 | 건강보조제 건강기능식품 건강식품 보충제 영양제 보조식품 건강보조식품 기능식품,,,,,,,,,,"[""건강보조제"", ""건강기능식품"", ""건강식품"", ""보충제"", ""영양제"", ""보조식품"", ""건강보조식품"", ""기능식품""]"
domeggook,61670806,건강기능식품 대마종자유 100 30캡슐 KS코오롱,판매중,직접판매,core,식품 > 건강식품 > 영양제 > 기타건강보조식품,식품,건강식품,기타건강보조식품,goodlionshop,라이온쇼핑,,건강기능식품,수입산_유럽_네덜란드,20000,20000,True,1,20000.0,20000.0,1.0,False,0.0,1,0,,True,1,1111,True,True,택배,선결제,False,1.0,3500.0,3500.0,건강기능식품 대마종자유 100 30캡슐 KS코오롱 | 식품 > 건강식품 > 영양제 > 기타건강보조식품 | 건강기능식품 | 건강보조제 건강기능식품 건강식품 보충제 영양제 보조식품 건강보조식품 기능식품 대마종자유,,,,,,,,,,"[""건강보조제"", ""건강기능식품"", ""건강식품"", ""보충제"", ""영양제"", ""보조식품"", ""건강보조식품"", ""기능식품"", ""대마종자유""]"
domeggook,61670807,건강기능식품 대마종자유 식물성캡슐 30캡슐 KS내츄럴,판매중,직접판매,core,식품 > 건강식품 > 영양제 > 기타건강보조식품,식품,건강식품,기타건강보조식품,goodlionshop,라이온쇼핑,,건강기능식품,수입산_유럽_네덜란드,17000,17000,True,1,17000.0,17000.0,1.0,False,0.0,1,0,,True,1,1111,True,True,택배,선결제,False,1.0,3500.0,3500.0,건강기능식품 대마종자유 식물성캡슐 30캡슐 KS내츄럴 | 식품 > 건강식품 > 영양제 > 기타건강보조식품 | 건강기능식품 | 건강보조제 건강기능식품 건강식품 보충제 영양제 보조식품 건강보조식품 기능식품 대마종자유,,,,,,,,,,"[""건강보조제"", ""건강기능식품"", ""건강식품"", ""보충제"", ""영양제"", ""보조식품"", ""건강보조식품"", ""기능식품"", ""대마종자유""]"
domeggook,61670808,건강기능식품 올바른 대마종자유 30캡슐 KS뉴트리너스,판매중,직접판매,core,식품 > 건강식품 > 영양제 > 기타건강보조식품,식품,건강식품,기타건강보조식품,goodlionshop,라이온쇼핑,,건강기능식품,수입산_유럽_독일,22000,22000,True,1,22000.0,22000.0,1.0,False,0.0,1,0,,True,1,1111,True,True,택배,선결제,False,1.0,3500.0,3500.0,건강기능식품 올바른 대마종자유 30캡슐 KS뉴트리너스 | 식품 > 건강식품 > 영양제 > 기타건강보조식품 | 건강기능식품 | 건강보조제 건강기능식품 건강식품 보충제 영양제 보조식품 건강보조식품 기능식품 대마종자유,,,,,,,,,,"[""건강보조제"", ""건강기능식품"", ""건강식품"", ""보충제"", ""영양제"", ""보조식품"", ""건강보조식품"", ""기능식품"", ""대마종자유""]"
domeggook,61670814,건강기능식품 대마종자유 60캡슐 KS뉴트리움,판매중,직접판매,core,식품 > 건강식품 > 영양제 > 기타건강보조식품,식품,건강식품,기타건강보조식품,goodlionshop,라이온쇼핑,,건강기능식품,수입산_북아메리카(북미)_미국,28500,28500,True,1,28500.0,28500.0,1.0,False,0.0,1,0,,True,1,1111,True,True,택배,선결제,False,1.0,3500.0,3500.0,건강기능식품 대마종자유 60캡슐 KS뉴트리움 | 식품 > 건강식품 > 영양제 > 기타건강보조식품 | 건강기능식품 | 건강보조제 건강기능식품 건강식품 보충제 영양제 보조식품 건강보조식품 기능식품 대마종자유,,,,,,,,,,"[""건강보조제"", ""건강기능식품"", ""건강식품"", ""보충제"", ""영양제"", ""보조식품"", ""건강보조식품"", ""기능식품"", ""대마종자유""]"
domeggook,61670838,건강기능식품 햄프 대마종자유 식물성 캡슐 30캡슐 KS조아제약,판매중,직접판매,core,식품 > 건강식품 > 영양제 > 기타건강보조식품,식품,건강식품,기타건강보조식품,goodlionshop,라이온쇼핑,,건강기능식품,수입산_북아메리카(북미)_캐나다,17000,17000,True,1,17000.0,17000.0,1.0,False,0.0,1,0,,True,1,1111,True,True,택배,선결제,False,1.0,3500.0,3500.0,건강기능식품 햄프 대마종자유 식물성 캡슐 30캡슐 KS조아제약 | 식품 > 건강식품 > 영양제 > 기타건강보조식품 | 건강기능식품 | 건강보조제 건강기능식품 건강식품 보충제 영양제 보조식품 건강보조식품 기능식품 대마종자유,,,,,,,,,,"[""건강보조제"", ""건강기능식품"", ""건강식품"", ""보충제"", ""영양제"", ""보조식품"", ""건강보조식품"", ""기능식품"", ""대마종자유""]"
domeggook,61670871,건강기능식품 퓨어햄프 대마종자유 캡슐 30캡슐 KS비웰,판매중,직접판매,core,식품 > 건강식품 > 영양제 > 기타건강보조식품,식품,건강식품,기타건강보조식품,goodlionshop,라이온쇼핑,,건강기능식품,수입산_유럽_이탈리아,17000,17000,True,1,17000.0,17000.0,1.0,False,0.0,1,0,,True,1,1111,True,True,택배,선결제,False,1.0,3500.0,3500.0,건강기능식품 퓨어햄프 대마종자유 캡슐 30캡슐 KS비웰 | 식품 > 건강식품 > 영양제 > 기타건강보조식품 | 건강기능식품 | 건강보조제 건강기능식품 건강식품 보충제 영양제 보조식품 건강보조식품 기능식품 대마종자유,,,,,,,,,,"[""건강보조제"", ""건강기능식품"", ""건강식품"", ""보충제"", ""영양제"", ""보조식품"", ""건강보조식품"", ""기능식품"", ""대마종자유""]"
domeggook,61797314,건강기능식품 저분자콜라겐 담은 석류젤리스틱 14포 KS웰러스,판매중,직접판매,core,식품 > 건강식품 > 영양제 > 기타건강보조식품,식품,건강식품,기타건강보조식품,goodlionshop,라이온쇼핑,,건강기능식품,수입산_유럽_튀르키예,18000,18000,True,1,18000.0,18000.0,1.0,False,0.0,1,0,,True,1,1111,True,True,택배,선결제,False,1.1,3500.0,3500.0,건강기능식품 저분자콜라겐 담은 석류젤리스틱 14포 KS웰러스 | 식품 > 건강식품 > 영양제 > 기타건강보조식품 | 건강기능식품 | 건강보조제 건강기능식품 건강식품 보충제 영양제 보조식품 건강보조식품 기능식품 장건강,,,,,,,,,,"[""건강보조제"", ""건강기능식품"", ""건강식품"", ""보충제"", ""영양제"", ""보조식품"", ""건강보조식품"", ""기능식품"", ""장건강""]"
domeggook,61797767,건강기능식품 프리미엄 저분자 어린콜라겐 300 60정 KS헬씨허그,판매중,직접판매,core,식품 > 건강식품 > 영양제 > 기타건강보조식품,식품,건강식품,기타건강보조식품,goodlionshop,라이온쇼핑,,건강기능식품,국산,30000,30000,True,1,30000.0,30000.0,1.0,False,0.0,1,0,,True,1,1111,True,True,택배,선결제,False,1.1,3500.0,3500.0,건강기능식품 프리미엄 저분자 어린콜라겐 300 60정 KS헬씨허그 | 식품 > 건강식품 > 영양제 > 기타건강보조식품 | 건강기능식품 | 건강보조제 건강기능식품 건강식품 보충제 영양제 보조식품 건강보조식품 기능식품 장건강,,,,,,,,,,"[""건강보조제"", ""건강기능식품"", ""건강식품"", ""보충제"", ""영양제"", ""보조식품"", ""건강보조식품"", ""기능식품"", ""장건강""]"
domeggook,61797788,건강기능식품 프리미엄 저분자 어린 콜라겐 펩타이드 600 90정 KS CNB,판매중,직접판매,core,식품 > 건강식품 > 영양제 > 기타건강보조식품,식품,건강식품,기타건강보조식품,goodlionshop,라이온쇼핑,,건강기능식품,국산,34000,34000,True,1,34000.0,34000.0,1.0,False,0.0,1,0,,True,1,1105,False,True,택배,선결제,False,1.1,3500.0,3500.0,건강기능식품 프리미엄 저분자 어린 콜라겐 펩타이드 600 90정 KS CNB | 식품 > 건강식품 > 영양제 > 기타건강보조식품 | 건강기능식품 | 건강보조제 건강기능식품 건강식품 보충제 영양제 보조식품 건강보조식품 기능식품 장건강,,,,,,,,,,"[""건강보조제"", ""건강기능식품"", ""건강식품"", ""보충제"", ""영양제"", ""보조식품"", ""건강보조식품"", ""기능식품"", ""장건강""]"
domeggook,61797903,건강기능식품 저분자 피쉬콜라겐 펩타이드 유산균 500g KS셀스,판매중,직접판매,core,식품 > 건강식품 > 영양제 > 기타건강보조식품,식품,건강식품,기타건강보조식품,goodlionshop,라이온쇼핑,,건강기능식품,수입산_아시아_인도,32000,32000,True,1,32000.0,32000.0,1.0,False,0.0,1,0,,True,1,1111,True,True,택배,선결제,False,1.1,3500.0,3500.0,건강기능식품 저분자 피쉬콜라겐 펩타이드 유산균 500g KS셀스 | 식품 > 건강식품 > 영양제 > 기타건강보조식품 | 건강기능식품 | 건강보조제 건강기능식품 건강식품 보충제 영양제 보조식품 건강보조식품 기능식품 장건강,,,,,,,,,,"[""건강보조제"", ""건강기능식품"", ""건강식품"", ""보충제"", ""영양제"", ""보조식품"", ""건강보조식품"", ""기능식품"", ""장건강""]"
domeggook,61797933,건강기능식품 저분자 콜라겐 비오틴 비타민C 60포 KS에버핏,판매중,직접판매,core,식품 > 건강식품 > 영양제 > 기타건강보조식품,식품,건강식품,기타건강보조식품,goodlionshop,라이온쇼핑,,건강기능식품,수입산_아시아_방글라데시,29000,29000,True,1,29000.0,29000.0,1.0,False,0.0,1,0,,True,1,1111,True,True,택배,선결제,False,1.1,3500.0,3500.0,건강기능식품 저분자 콜라겐 비오틴 비타민C 60포 KS에버핏 | 식품 > 건강식품 > 영양제 > 기타건강보조식품 | 건강기능식품 | 건강보조제 건강기능식품 건강식품 보충제 영양제 보조식품 건강보조식품 기능식품 장건강,,,,,,,,,,"[""건강보조제"", ""건강기능식품"", ""건강식품"", ""보충제"", ""영양제"", ""보조식품"", ""건강보조식품"", ""기능식품"", ""장건강""]"
domeggook,61797940,건강기능식품 글루타치온 저분자 콜라겐C 30포 KS내추럴플러스,판매중,직접판매,core,식품 > 건강식품 > 영양제 > 기타건강보조식품,식품,건강식품,기타건강보조식품,goodlionshop,라이온쇼핑,,건강기능식품,국산,25000,25000,True,1,25000.0,25000.0,1.0,False,0.0,1,0,,True,1,1111,True,True,택배,선결제,False,1.1,3500.0,3500.0,건강기능식품 글루타치온 저분자 콜라겐C 30포 KS내추럴플러스 | 식품 > 건강식품 > 영양제 > 기타건강보조식품 | 건강기능식품 | 건강보조제 건강기능식품 건강식품 보충제 보조식품 건강보조식품 기능식품 장건강,,,,,,,,,,"[""건강보조제"", ""건강기능식품"", ""건강식품"", ""보충제"", ""보조식품"", ""건강보조식품"", ""기능식품"", ""장건강""]"
domeggook,61797941,건강기능식품 벤비티 엘라스틴 저분자 피쉬콜라겐 60포 KS종근당,판매중,직접판매,core,식품 > 건강식품 > 영양제 > 기타건강보조식품,식품,건강식품,기타건강보조식품,goodlionshop,라이온쇼핑,,건강기능식품,국산,29000,29000,True,1,29000.0,29000.0,1.0,False,0.0,1,0,,True,1,1109,False,True,택배,선결제,False,1.1,3500.0,3500.0,건강기능식품 벤비티 엘라스틴 저분자 피쉬콜라겐 60포 KS종근당 | 식품 > 건강식품 > 영양제 > 기타건강보조식품 | 건강기능식품 | 건강보조제 건강기능식품 건강식품 보충제 영양제 보조식품 건강보조식품 기능식품 장건강,,,,,,,,,,"[""건강보조제"", ""건강기능식품"", ""건강식품"", ""보충제"", ""영양제"", ""보조식품"", ""건강보조식품"", ""기능식품"", ""장건강""]"
domeggook,61797950,건강기능식품 프라임 저분자 피쉬콜라겐 플러스 90포 KS일양약품,판매중,직접판매,core,식품 > 건강식품 > 영양제 > 기타건강보조식품,식품,건강식품,기타건강보조식품,goodlionshop,라이온쇼핑,,건강기능식품,국산,32000,32000,True,1,32000.0,32000.0,1.0,False,0.0,1,0,,True,1,1111,True,True,택배,선결제,False,1.1,3500.0,3500.0,건강기능식품 프라임 저분자 피쉬콜라겐 플러스 90포 KS일양약품 | 식품 > 건강식품 > 영양제 > 기타건강보조식품 | 건강기능식품 | 건강보조제 건강기능식품 건강식품 보충제 영양제 보조식품 건강보조식품 기능식품 장건강,,,,,,,,,,"[""건강보조제"", ""건강기능식품"", ""건강식품"", ""보충제"", ""영양제"", ""보조식품"", ""건강보조식품"", ""기능식품"", ""장건강""]"
domeggook,61989756,건강기능식품 콘드로이친 파워 MBP 1200 60정 KS동신,판매중,직접판매,core,식품 > 건강식품 > 영양제 > 기타건강보조식품,식품,건강식품,기타건강보조식품,goodlionshop,라이온쇼핑,,건강기능식품,수입산_북아메리카(북미)_미국,24000,24000,True,1,24000.0,24000.0,1.0,False,0.0,1,0,,True,1,1111,True,True,택배,선결제,False,1.1,3500.0,3500.0,건강기능식품 콘드로이친 파워 MBP 1200 60정 KS동신 | 식품 > 건강식품 > 영양제 > 기타건강보조식품 | 건강기능식품 | 건강보조제 건강기능식품 건강식품 보충제 영양제 보조식품 건강보조식품 기능식품,,,,,,,,,,"[""건강보조제"", ""건강기능식품"", ""건강식품"", ""보충제"", ""영양제"", ""보조식품"", ""건강보조식품"", ""기능식품""]"
domeggook,61989758,건강기능식품 비타민D 5000IU 90캡슐 KS동신,판매중,직접판매,core,식품 > 건강식품 > 영양제 > 기타건강보조식품,식품,건강식품,기타건강보조식품,goodlionshop,라이온쇼핑,,건강기능식품,수입산_유럽_독일,18000,18000,True,1,18000.0,18000.0,1.0,False,0.0,1,0,,True,1,1111,True,True,택배,선결제,False,1.1,3500.0,3500.0,건강기능식품 비타민D 5000IU 90캡슐 KS동신 | 식품 > 건강식품 > 영양제 > 기타건강보조식품 | 건강기능식품 | 건강보조제 건강기능식품 건강식품 보충제 영양제 보조식품 건강보조식품 기능식품,,,,,,,,,,"[""건강보조제"", ""건강기능식품"", ""건강식품"", ""보충제"", ""영양제"", ""보조식품"", ""건강보조식품"", ""기능식품""]"
domeggook,61989759,건강기능식품 쏘팔 옥타 파워 맥스 90캡슐 KS동신,판매중,직접판매,core,식품 > 건강식품 > 영양제 > 기타건강보조식품,식품,건강식품,기타건강보조식품,goodlionshop,라이온쇼핑,,건강기능식품,수입산_북아메리카(북미)_미국,38000,38000,True,1,38000.0,38000.0,1.0,False,0.0,1,0,,True,1,1111,True,True,택배,선결제,False,1.1,3500.0,3500.0,건강기능식품 쏘팔 옥타 파워 맥스 90캡슐 KS동신 | 식품 > 건강식품 > 영양제 > 기타건강보조식품 | 건강기능식품 | 건강보조제 건강기능식품 건강식품 보충제 영양제 보조식품 건강보조식품 기능식품,,,,,,,,,,"[""건강보조제"", ""건강기능식품"", ""건강식품"", ""보충제"", ""영양제"", ""보조식품"", ""건강보조식품"", ""기능식품""]"
domeggook,61989761,건강기능식품 루큐텐 써큘 오메가3 트리플 케어 60캡슐 KS일양,판매중,직접판매,core,식품 > 건강식품 > 영양제 > 기타건강보조식품,식품,건강식품,기타건강보조식품,goodlionshop,라이온쇼핑,,건강기능식품,수입산_유럽_스페인,35000,35000,True,1,35000.0,35000.0,1.0,False,0.0,1,0,,True,1,1111,True,True,택배,선결제,False,1.1,3500.0,3500.0,건강기능식품 루큐텐 써큘 오메가3 트리플 케어 60캡슐 KS일양 | 식품 > 건강식품 > 영양제 > 기타건강보조식품 | 건강기능식품 | 건강보조제 건강기능식품 건강식품 보충제 영양제 보조식품 건강보조식품 기능식품,,,,,,,,,,"[""건강보조제"", ""건강기능식품"", ""건강식품"", ""보충제"", ""영양제"", ""보조식품"", ""건강보조식품"", ""기능식품""]"
domeggook,61989766,건강기능식품 리포좀 비타민C 플러스 60정 KS네츄럴메이드,판매중,직접판매,core,식품 > 건강식품 > 영양제 > 기타건강보조식품,식품,건강식품,기타건강보조식품,goodlionshop,라이온쇼핑,,건강기능식품,수입산_북아메리카(북미)_캐나다,39000,39000,True,1,39000.0,39000.0,1.0,False,0.0,1,0,,True,1,1111,True,True,택배,선결제,False,1.1,3500.0,3500.0,건강기능식품 리포좀 비타민C 플러스 60정 KS네츄럴메이드 | 식품 > 건강식품 > 영양제 > 기타건강보조식품 | 건강기능식품 | 건강보조제 건강기능식품 건강식품 보충제 영양제 보조식품 건강보조식품 기능식품,,,,,,,,,,"[""건강보조제"", ""건강기능식품"", ""건강식품"", ""보충제"", ""영양제"", ""보조식품"", ""건강보조식품"", ""기능식품""]"
domeggook,61989767,건강기능식품 코랄칼슘 앤 마그네슘 플러스 90정 KS네츄럴메이드,판매중,직접판매,core,식품 > 건강식품 > 영양제 > 기타건강보조식품,식품,건강식품,기타건강보조식품,goodlionshop,라이온쇼핑,,건강기능식품,수입산_북아메리카(북미)_캐나다,35000,35000,True,1,35000.0,35000.0,1.0,False,0.0,1,0,,True,1,1109,False,True,택배,선결제,False,1.0,3500.0,3500.0,건강기능식품 코랄칼슘 앤 마그네슘 플러스 90정 KS네츄럴메이드 | 식품 > 건강식품 > 영양제 > 기타건강보조식품 | 건강기능식품 | 건강보조제 건강기능식품 건강식품 보충제 영양제 보조식품 건강보조식품 기능식품,,,,,,,,,,"[""건강보조제"", ""건강기능식품"", ""건강식품"", ""보충제"", ""영양제"", ""보조식품"", ""건강보조식품"", ""기능식품""]"
domeggook,61989784,건강기능식품 멀티비타민미네랄 플러스 마그네슘 올인원 90정 KS광동,판매중,직접판매,core,식품 > 건강식품 > 영양제 > 기타건강보조식품,식품,건강식품,기타건강보조식품,goodlionshop,라이온쇼핑,,건강기능식품,수입산_북아메리카(북미)_미국,24000,24000,True,1,24000.0,24000.0,1.0,False,0.0,1,0,,True,1,1110,False,True,택배,선결제,False,1.1,3500.0,3500.0,건강기능식품 멀티비타민미네랄 플러스 마그네슘 올인원 90정 KS광동 | 식품 > 건강식품 > 영양제 > 기타건강보조식품 | 건강기능식품 | 건강보조제 건강기능식품 건강식품 보충제 영양제 보조식품 건강보조식품 기능식품,,,,,,,,,,"[""건강보조제"", ""건강기능식품"", ""건강식품"", ""보충제"", ""영양제"", ""보조식품"", ""건강보조식품"", ""기능식품""]"
domeggook,62140802,건강기능식품 프로바이오틱스 & 혈당콜레스테롤 케어 60포 KS,판매중,직접판매,core,식품 > 건강식품 > 영양제 > 기타건강보조식품,식품,건강식품,기타건강보조식품,goodlionshop,라이온쇼핑,,건강기능식품,국산,36000,36000,True,1,36000.0,36000.0,1.0,False,0.0,1,0,,True,1,1111,True,True,택배,선결제,False,1.0,3500.0,3500.0,건강기능식품 프로바이오틱스 & 혈당콜레스테롤 케어 60포 KS | 식품 > 건강식품 > 영양제 > 기타건강보조식품 | 건강기능식품 | 건강보조제 건강기능식품 건강식품 보충제 영양제 보조식품 건강보조식품 기능식품,,,,,,,,,,"[""건강보조제"", ""건강기능식품"", ""건강식품"", ""보충제"", ""영양제"", ""보조식품"", ""건강보조식품"", ""기능식품""]"
domeggook,62141007,건강기능식품 야쿠르트 프리바이오틱스 60포 KS,판매중,직접판매,core,식품 > 건강식품 > 영양제 > 기타건강보조식품,식품,건강식품,기타건강보조식품,goodlionshop,라이온쇼핑,,건강기능식품,국산,22000,22000,True,1,22000.0,22000.0,1.0,False,0.0,1,0,,True,1,1111,True,True,택배,선결제,False,1.0,3500.0,3500.0,건강기능식품 야쿠르트 프리바이오틱스 60포 KS | 식품 > 건강식품 > 영양제 > 기타건강보조식품 | 건강기능식품 | 건강보조제 건강기능식품 건강식품 보충제 영양제 보조식품 건강보조식품 기능식품,,,,,,,,,,"[""건강보조제"", ""건강기능식품"", ""건강식품"", ""보충제"", ""영양제"", ""보조식품"", ""건강보조식품"", ""기능식품""]"
domeggook,62141297,건강기능식품 철갑상어 콘드로이친 1200 120정(2개) KS헬씨허그,판매중,직접판매,core,식품 > 건강식품 > 영양제 > 기타건강보조식품,식품,건강식품,기타건강보조식품,goodlionshop,라이온쇼핑,,건강기능식품,수입산_유럽_덴마크,74000,74000,True,1,74000.0,74000.0,1.0,False,0.0,1,0,,True,1,1109,False,True,택배,선결제,False,1.0,3500.0,3500.0,건강기능식품 철갑상어 콘드로이친 1200 120정(2개) KS헬씨허그 | 식품 > 건강식품 > 영양제 > 기타건강보조식품 | 건강기능식품 | 건강보조제 건강기능식품 건강식품 보충제 영양제 보조식품 건강보조식품 기능식품,,,,,,,,,,"[""건강보조제"", ""건강기능식품"", ""건강식품"", ""보충제"", ""영양제"", ""보조식품"", ""건강보조식품"", ""기능식품""]"
domeggook,63629575,건강기능식품 다이어트 워터 14포 ks트리밀,판매중,직접판매,core,식품 > 건강식품 > 영양제 > 기타건강보조식품,식품,건강식품,기타건강보조식품,p-lumeria,써프라이즈몰,,건강기능식품,수입산_아시아_인도,18000,18000,True,1,18000.0,18000.0,1.0,False,0.0,1,0,,True,1,1111,True,True,택배,선결제,False,0.8,3500.0,3500.0,건강기능식품 다이어트 워터 14포 ks트리밀 | 식품 > 건강식품 > 영양제 > 기타건강보조식품 | 건강기능식품 | 건강식품 기능식품 보조식품 건강보조제 건강기능식품 영양제 뷰티 건강보조식품 다이어트보조식품,,,,,,,,,,"[""건강식품"", ""기능식품"", ""보조식품"", ""건강보조제"", ""건강기능식품"", ""영양제"", ""뷰티"", ""건강보조식품"", ""다이어트보조식품""]"
domeggook,63629591,건강기능식품 다이어트 핏 CLA 180캡슐 ks,판매중,직접판매,core,식품 > 건강식품 > 영양제 > 기타건강보조식품,식품,건강식품,기타건강보조식품,p-lumeria,써프라이즈몰,,건강기능식품,수입산_북아메리카(북미)_캐나다,45000,45000,True,1,45000.0,45000.0,1.0,False,0.0,1,0,,True,1,1111,True,True,택배,선결제,False,0.8,3500.0,3500.0,건강기능식품 다이어트 핏 CLA 180캡슐 ks | 식품 > 건강식품 > 영양제 > 기타건강보조식품 | 건강기능식품 | 건강식품 기능식품 보조식품 건강보조제 건강기능식품 영양제 뷰티 건강보조식품 다이어트보조식품,,,,,,,,,,"[""건강식품"", ""기능식품"", ""보조식품"", ""건강보조제"", ""건강기능식품"", ""영양제"", ""뷰티"", ""건강보조식품"", ""다이어트보조식품""]"
domeggook,63629592,건강기능식품 혈당컷 체지방 다이어트 60정 ks내츄럴,판매중,직접판매,core,식품 > 건강식품 > 영양제 > 기타건강보조식품,식품,건강식품,기타건강보조식품,p-lumeria,써프라이즈몰,,건강기능식품,수입산_아시아_인도,22000,22000,True,1,22000.0,22000.0,1.0,False,0.0,1,0,,True,1,1111,True,True,택배,선결제,False,0.8,3500.0,3500.0,건강기능식품 혈당컷 체지방 다이어트 60정 ks내츄럴 | 식품 > 건강식품 > 영양제 > 기타건강보조식품 | 건강기능식품 | 건강식품 기능식품 보조식품 건강보조제 건강기능식품 영양제 뷰티 건강보조식품 다이어트보조식품,,,,,,,,,,"[""건강식품"", ""기능식품"", ""보조식품"", ""건강보조제"", ""건강기능식품"", ""영양제"", ""뷰티"", ""건강보조식품"", ""다이어트보조식품""]"
domeggook,63743189,건강기능식품 트리플 프로폴리스 이뮨 플러스 60캡슐 KS종근당,판매중,직접판매,core,식품 > 건강식품 > 영양제 > 기타건강보조식품,식품,건강식품,기타건강보조식품,goodlionshop,라이온쇼핑,,건강기능식품,국산,21000,21000,True,1,21000.0,21000.0,1.0,False,0.0,1,0,,True,1,1111,True,True,택배,선결제,False,1.0,3500.0,3500.0,건강기능식품 트리플 프로폴리스 이뮨 플러스 60캡슐 KS종근당 | 식품 > 건강식품 > 영양제 > 기타건강보조식품 | 건강기능식품 | 건강보조제 건강기능식품 유산균 보충제 영양제 보조식품 건강보조식품 기능식품 장건강 바이오틱스,,,,,,,,,,"[""건강보조제"", ""건강기능식품"", ""유산균"", ""보충제"", ""영양제"", ""보조식품"", ""건강보조식품"", ""기능식품"", ""장건강"", ""바이오틱스""]"
domeggook,63743268,건강기능식품 면역케어 레드 프로폴리스 60캡슐 KS로니웰,판매중,직접판매,core,식품 > 건강식품 > 영양제 > 기타건강보조식품,식품,건강식품,기타건강보조식품,goodlionshop,라이온쇼핑,,건강기능식품,수입산_라틴아메리카(남미)_브라질,19800,19800,True,1,19800.0,19800.0,1.0,False,0.0,1,0,,True,1,1111,True,True,택배,선결제,False,1.0,3500.0,3500.0,건강기능식품 면역케어 레드 프로폴리스 60캡슐 KS로니웰 | 식품 > 건강식품 > 영양제 > 기타건강보조식품 | 건강기능식품 | 건강보조제 건강기능식품 유산균 보충제 영양제 보조식품 건강보조식품 기능식품 장건강 바이오틱스,,,,,,,,,,"[""건강보조제"", ""건강기능식품"", ""유산균"", ""보충제"", ""영양제"", ""보조식품"", ""건강보조식품"", ""기능식품"", ""장건강"", ""바이오틱스""]"
domeggook,63743320,건강기능식품 비프로폴리스&아연 90캡슐 KS웨이팜,판매중,직접판매,core,식품 > 건강식품 > 영양제 > 기타건강보조식품,식품,건강식품,기타건강보조식품,goodlionshop,라이온쇼핑,,건강기능식품,수입산_북아메리카(북미)_캐나다,24500,24500,True,1,24500.0,24500.0,1.0,False,0.0,1,0,,True,1,1111,True,True,택배,선결제,False,1.0,3500.0,3500.0,건강기능식품 비프로폴리스&아연 90캡슐 KS웨이팜 | 식품 > 건강식품 > 영양제 > 기타건강보조식품 | 건강기능식품 | 건강보조제 건강기능식품 유산균 보충제 영양제 보조식품 건강보조식품 기능식품 장건강 바이오틱스,,,,,,,,,,"[""건강보조제"", ""건강기능식품"", ""유산균"", ""보충제"", ""영양제"", ""보조식품"", ""건강보조식품"", ""기능식품"", ""장건강"", ""바이오틱스""]"
domeggook,63743437,건강기능식품 슈퍼로얄 프로폴리스 & 아연 KS힐링팩토리,판매중,직접판매,core,식품 > 건강식품 > 영양제 > 기타건강보조식품,식품,건강식품,기타건강보조식품,goodlionshop,라이온쇼핑,,건강기능식품,수입산_북아메리카(북미)_캐나다,32000,32000,True,1,32000.0,32000.0,1.0,False,0.0,1,0,,True,1,1111,True,True,택배,선결제,False,1.0,3500.0,3500.0,건강기능식품 슈퍼로얄 프로폴리스 & 아연 KS힐링팩토리 | 식품 > 건강식품 > 영양제 > 기타건강보조식품 | 건강기능식품 | 건강보조제 건강기능식품 유산균 보충제 영양제 보조식품 건강보조식품 기능식품 장건강 바이오틱스,,,,,,,,,,"[""건강보조제"", ""건강기능식품"", ""유산균"", ""보충제"", ""영양제"", ""보조식품"", ""건강보조식품"", ""기능식품"", ""장건강"", ""바이오틱스""]"
domeggook,64126315,건강기능식품 가르시니아 플러스 112정 ks대웅,판매중,직접판매,core,식품 > 건강식품 > 영양제 > 기타건강보조식품,식품,건강식품,기타건강보조식품,p-lumeria,써프라이즈몰,,건강기능식품,수입산_아시아_인도,18000,18000,True,1,18000.0,18000.0,1.0,False,0.0,1,0,,True,1,1111,True,True,택배,선결제,False,0.8,3500.0,3500.0,건강기능식품 가르시니아 플러스 112정 ks대웅 | 식품 > 건강식품 > 영양제 > 기타건강보조식품 | 건강기능식품 | 건강식품 기능식품 보조식품 건강보조제 건강기능식품 영양제 뷰티 건강보조식품 다이어트보조식품,,,,,,,,,,"[""건강식품"", ""기능식품"", ""보조식품"", ""건강보조제"", ""건강기능식품"", ""영양제"", ""뷰티"", ""건강보조식품"", ""다이어트보조식품""]"
domeggook,64126611,건강기능식품 쾌변포유 차전자피 다이어트 30포 ks락토테미,판매중,직접판매,core,식품 > 건강식품 > 영양제 > 기타건강보조식품,식품,건강식품,기타건강보조식품,p-lumeria,써프라이즈몰,,건강기능식품,수입산_아시아_인도,22000,22000,True,1,22000.0,22000.0,1.0,False,0.0,1,0,,True,1,1111,True,True,택배,선결제,False,0.8,3500.0,3500.0,건강기능식품 쾌변포유 차전자피 다이어트 30포 ks락토테미 | 식품 > 건강식품 > 영양제 > 기타건강보조식품 | 건강기능식품 | 건강식품 기능식품 보조식품 건강보조제 건강기능식품 영양제 뷰티 건강보조식품 다이어트보조식품,,,,,,,,,,"[""건강식품"", ""기능식품"", ""보조식품"", ""건강보조제"", ""건강기능식품"", ""영양제"", ""뷰티"", ""건강보조식품"", ""다이어트보조식품""]"
domeggook,64126653,건강기능식품 쾌변엔 차전자피 식이섬유 비움 30포 ks네이처그랜드,판매중,직접판매,core,식품 > 건강식품 > 영양제 > 기타건강보조식품,식품,건강식품,기타건강보조식품,p-lumeria,써프라이즈몰,,건강기능식품,수입산_아시아_인도,22000,22000,True,1,22000.0,22000.0,1.0,False,0.0,1,0,,True,1,1111,True,True,택배,선결제,False,0.8,3500.0,3500.0,건강기능식품 쾌변엔 차전자피 식이섬유 비움 30포 ks네이처그랜드 | 식품 > 건강식품 > 영양제 > 기타건강보조식품 | 건강기능식품 | 건강식품 기능식품 보조식품 건강보조제 건강기능식품 영양제 뷰티 건강보조식품 다이어트보조식품,,,,,,,,,,"[""건강식품"", ""기능식품"", ""보조식품"", ""건강보조제"", ""건강기능식품"", ""영양제"", ""뷰티"", ""건강보조식품"", ""다이어트보조식품""]"
domeggook,64126728,건강기능식품 콜레우스 포스콜리 다이어트 컷 60정 ks뉴트리랩스,판매중,직접판매,core,식품 > 건강식품 > 영양제 > 기타건강보조식품,식품,건강식품,기타건강보조식품,p-lumeria,써프라이즈몰,,건강기능식품,수입산_북아메리카(북미)_미국,38000,38000,True,1,38000.0,38000.0,1.0,False,0.0,1,0,,True,1,1111,True,True,택배,선결제,False,0.8,3500.0,3500.0,건강기능식품 콜레우스 포스콜리 다이어트 컷 60정 ks뉴트리랩스 | 식품 > 건강식품 > 영양제 > 기타건강보조식품 | 건강기능식품 | 건강식품 기능식품 보조식품 건강보조제 건강기능식품 영양제 뷰티 건강보조식품 다이어트보조식품,,,,,,,,,,"[""건강식품"", ""기능식품"", ""보조식품"", ""건강보조제"", ""건강기능식품"", ""영양제"", ""뷰티"", ""건강보조식품"", ""다이어트보조식품""]"
domeggook,64126784,건강기능식품 체지방컷 가르시니아1000 112정 ks스마일렌,판매중,직접판매,core,식품 > 건강식품 > 영양제 > 기타건강보조식품,식품,건강식품,기타건강보조식품,p-lumeria,써프라이즈몰,,건강기능식품,수입산_아시아_인도,19000,19000,True,1,19000.0,19000.0,1.0,False,0.0,1,0,,True,1,1111,True,True,택배,선결제,False,0.8,3500.0,3500.0,건강기능식품 체지방컷 가르시니아1000 112정 ks스마일렌 | 식품 > 건강식품 > 영양제 > 기타건강보조식품 | 건강기능식품 | 건강식품 기능식품 보조식품 건강보조제 건강기능식품 영양제 뷰티 건강보조식품 다이어트보조식품,,,,,,,,,,"[""건강식품"", ""기능식품"", ""보조식품"", ""건강보조제"", ""건강기능식품"", ""영양제"", ""뷰티"", ""건강보조식품"", ""다이어트보조식품""]"
domeggook,64126855,건강기능식품 혈당컷 다이어트 777 56정 ks스마일렌,판매중,직접판매,core,식품 > 건강식품 > 영양제 > 기타건강보조식품,식품,건강식품,기타건강보조식품,p-lumeria,써프라이즈몰,,건강기능식품,수입산_아시아_인도,19000,19000,True,1,19000.0,19000.0,1.0,False,0.0,1,0,,True,1,1111,True,True,택배,선결제,False,0.8,3500.0,3500.0,건강기능식품 혈당컷 다이어트 777 56정 ks스마일렌 | 식품 > 건강식품 > 영양제 > 기타건강보조식품 | 건강기능식품 | 건강식품 기능식품 보조식품 건강보조제 건강기능식품 영양제 뷰티 건강보조식품 다이어트보조식품,,,,,,,,,,"[""건강식품"", ""기능식품"", ""보조식품"", ""건강보조제"", ""건강기능식품"", ""영양제"", ""뷰티"", ""건강보조식품"", ""다이어트보조식품""]"
domeggook,64126886,건강기능식품 체지방케어 다이어트 앤 유산균 30캡슐 ks내츄럴,판매중,직접판매,core,식품 > 건강식품 > 영양제 > 기타건강보조식품,식품,건강식품,기타건강보조식품,p-lumeria,써프라이즈몰,,건강기능식품,수입산_아시아_인도,17000,17000,True,1,17000.0,17000.0,1.0,False,0.0,1,0,,True,1,1111,True,True,택배,선결제,False,0.8,3500.0,3500.0,건강기능식품 체지방케어 다이어트 앤 유산균 30캡슐 ks내츄럴 | 식품 > 건강식품 > 영양제 > 기타건강보조식품 | 건강기능식품 | 건강식품 기능식품 보조식품 건강보조제 건강기능식품 영양제 뷰티 건강보조식품 다이어트보조식품,,,,,,,,,,"[""건강식품"", ""기능식품"", ""보조식품"", ""건강보조제"", ""건강기능식품"", ""영양제"", ""뷰티"", ""건강보조식품"", ""다이어트보조식품""]"
domeggook,64126982,건강기능식품 녹차카테킨 다이어트 플러스 60정 ks대웅,판매중,직접판매,core,식품 > 건강식품 > 영양제 > 기타건강보조식품,식품,건강식품,기타건강보조식품,p-lumeria,써프라이즈몰,,건강기능식품,수입산_아시아_인도,22000,22000,True,1,22000.0,22000.0,1.0,False,0.0,1,0,,True,1,1111,True,True,택배,선결제,False,0.8,3500.0,3500.0,건강기능식품 녹차카테킨 다이어트 플러스 60정 ks대웅 | 식품 > 건강식품 > 영양제 > 기타건강보조식품 | 건강기능식품 | 건강식품 기능식품 보조식품 건강보조제 건강기능식품 영양제 뷰티 건강보조식품 다이어트보조식품,,,,,,,,,,"[""건강식품"", ""기능식품"", ""보조식품"", ""건강보조제"", ""건강기능식품"", ""영양제"", ""뷰티"", ""건강보조식품"", ""다이어트보조식품""]"
domeggook,64127023,건강기능식품 바디케어 다이어트 카테킨 60정 ks로니웰,판매중,직접판매,core,식품 > 건강식품 > 영양제 > 기타건강보조식품,식품,건강식품,기타건강보조식품,p-lumeria,써프라이즈몰,,건강기능식품,수입산_아시아_인도,12000,12000,True,1,12000.0,12000.0,1.0,False,0.0,1,0,,True,1,1111,True,True,택배,선결제,False,0.8,3500.0,3500.0,건강기능식품 바디케어 다이어트 카테킨 60정 ks로니웰 | 식품 > 건강식품 > 영양제 > 기타건강보조식품 | 건강기능식품 | 건강식품 기능식품 보조식품 건강보조제 건강기능식품 영양제 뷰티 건강보조식품 다이어트보조식품,,,,,,,,,,"[""건강식품"", ""기능식품"", ""보조식품"", ""건강보조제"", ""건강기능식품"", ""영양제"", ""뷰티"", ""건강보조식품"", ""다이어트보조식품""]"
domeggook,64127245,건강기능식품 다이어트 가르시니아 60캡슐 ks위드바이오,판매중,직접판매,core,식품 > 건강식품 > 영양제 > 기타건강보조식품,식품,건강식품,기타건강보조식품,p-lumeria,써프라이즈몰,,건강기능식품,국산,18000,18000,True,1,18000.0,18000.0,1.0,False,0.0,1,0,,True,1,1111,True,True,택배,선결제,False,0.8,3500.0,3500.0,건강기능식품 다이어트 가르시니아 60캡슐 ks위드바이오 | 식품 > 건강식품 > 영양제 > 기타건강보조식품 | 건강기능식품 | 건강식품 기능식품 보조식품 건강보조제 건강기능식품 영양제 뷰티 건강보조식품 다이어트보조식품,,,,,,,,,,"[""건강식품"", ""기능식품"", ""보조식품"", ""건강보조제"", ""건강기능식품"", ""영양제"", ""뷰티"", ""건강보조식품"", ""다이어트보조식품""]"
domeggook,64127377,건강기능식품 하루밸런스 어린콜라겐 비오틴 30포 ks락토테미,판매중,직접판매,core,식품 > 건강식품 > 영양제 > 기타건강보조식품,식품,건강식품,기타건강보조식품,p-lumeria,써프라이즈몰,,건강기능식품,수입산_아시아_일본,34000,34000,True,1,34000.0,34000.0,1.0,False,0.0,1,0,,True,1,1104,False,True,택배,선결제,False,0.9,3500.0,3500.0,건강기능식품 하루밸런스 어린콜라겐 비오틴 30포 ks락토테미 | 식품 > 건강식품 > 영양제 > 기타건강보조식품 | 건강기능식품 | 건강식품 기능식품 보조식품 건강보조제 건강기능식품 영양제 뷰티 건강보조식품,,,,,,,,,,"[""건강식품"", ""기능식품"", ""보조식품"", ""건강보조제"", ""건강기능식품"", ""영양제"", ""뷰티"", ""건강보조식품""]"
domeggook,64127426,건강기능식품 슬림한 다이어트 유산균 60포 ks락토테미,판매중,직접판매,core,식품 > 건강식품 > 영양제 > 기타건강보조식품,식품,건강식품,기타건강보조식품,p-lumeria,써프라이즈몰,,건강기능식품,국산,24000,24000,True,1,24000.0,24000.0,1.0,False,0.0,1,0,,True,1,1109,False,True,택배,선결제,False,0.8,3500.0,3500.0,건강기능식품 슬림한 다이어트 유산균 60포 ks락토테미 | 식품 > 건강식품 > 영양제 > 기타건강보조식품 | 건강기능식품 | 건강식품 기능식품 보조식품 건강보조제 건강기능식품 영양제 뷰티 건강보조식품 다이어트보조식품,,,,,,,,,,"[""건강식품"", ""기능식품"", ""보조식품"", ""건강보조제"", ""건강기능식품"", ""영양제"", ""뷰티"", ""건강보조식품"", ""다이어트보조식품""]"
domeggook,64128028,건강기능식품 가르시니아 플러스트리플 112정 ks메이플트리,판매중,직접판매,core,식품 > 건강식품 > 영양제 > 기타건강보조식품,식품,건강식품,기타건강보조식품,p-lumeria,써프라이즈몰,,건강기능식품,수입산_아시아_인도,15000,15000,True,1,15000.0,15000.0,1.0,False,0.0,1,0,,True,1,1111,True,True,택배,선결제,False,0.8,3500.0,3500.0,건강기능식품 가르시니아 플러스트리플 112정 ks메이플트리 | 식품 > 건강식품 > 영양제 > 기타건강보조식품 | 건강기능식품 | 건강식품 기능식품 보조식품 건강보조제 건강기능식품 영양제 뷰티 건강보조식품 다이어트보조식품,,,,,,,,,,"[""건강식품"", ""기능식품"", ""보조식품"", ""건강보조제"", ""건강기능식품"", ""영양제"", ""뷰티"", ""건강보조식품"", ""다이어트보조식품""]"
domeggook,64128181,건강기능식품 굿바디 다이어트 CLA 112캡슐 ks메이플트리,판매중,직접판매,core,식품 > 건강식품 > 영양제 > 기타건강보조식품,식품,건강식품,기타건강보조식품,p-lumeria,써프라이즈몰,,건강기능식품,수입산_북아메리카(북미)_캐나다,25000,25000,True,1,25000.0,25000.0,1.0,False,0.0,1,0,,True,1,1110,False,True,택배,선결제,False,0.8,3500.0,3500.0,건강기능식품 굿바디 다이어트 CLA 112캡슐 ks메이플트리 | 식품 > 건강식품 > 영양제 > 기타건강보조식품 | 건강기능식품 | 건강식품 기능식품 보조식품 건강보조제 건강기능식품 뷰티 건강보조식품 다이어트보조식품,,,,,,,,,,"[""건강식품"", ""기능식품"", ""보조식품"", ""건강보조제"", ""건강기능식품"", ""뷰티"", ""건강보조식품"", ""다이어트보조식품""]"
domeggook,64129675,건강기능식품 에버핏 쾌변엔 차전자피 식이섬유 30포 ks내츄럴,판매중,직접판매,core,식품 > 건강식품 > 영양제 > 기타건강보조식품,식품,건강식품,기타건강보조식품,p-lumeria,써프라이즈몰,,건강기능식품,국산,18000,18000,True,1,18000.0,18000.0,1.0,False,0.0,1,0,,True,1,1107,False,True,택배,선결제,False,0.8,3500.0,3500.0,건강기능식품 에버핏 쾌변엔 차전자피 식이섬유 30포 ks내츄럴 | 식품 > 건강식품 > 영양제 > 기타건강보조식품 | 건강기능식품 | 건강식품 기능식품 보조식품 건강보조제 건강기능식품 영양제 뷰티 건강보조식품 다이어트보조식품,,,,,,,,,,"[""건강식품"", ""기능식품"", ""보조식품"", ""건강보조제"", ""건강기능식품"", ""영양제"", ""뷰티"", ""건강보조식품"", ""다이어트보조식품""]"
domeggook,64129706,건강기능식품 다이어트 가르시니아 60캡슐 ks웰러스,판매중,직접판매,core,식품 > 건강식품 > 영양제 > 기타건강보조식품,식품,건강식품,기타건강보조식품,p-lumeria,써프라이즈몰,,건강기능식품,국산,18000,18000,True,1,18000.0,18000.0,1.0,False,0.0,1,0,,True,1,1111,True,True,택배,선결제,False,0.8,3500.0,3500.0,건강기능식품 다이어트 가르시니아 60캡슐 ks웰러스 | 식품 > 건강식품 > 영양제 > 기타건강보조식품 | 건강기능식품 | 건강식품 기능식품 보조식품 건강보조제 건강기능식품 뷰티 건강보조식품 다이어트보조식품,,,,,,,,,,"[""건강식품"", ""기능식품"", ""보조식품"", ""건강보조제"", ""건강기능식품"", ""뷰티"", ""건강보조식품"", ""다이어트보조식품""]"
domeggook,64129895,건강기능식품 그대로 채운 멀티비타민 30정 ks트리밀데이즈,판매중,직접판매,core,식품 > 건강식품 > 영양제 > 기타건강보조식품,식품,건강식품,기타건강보조식품,p-lumeria,써프라이즈몰,,건강기능식품,국산,18000,18000,True,1,18000.0,18000.0,1.0,False,0.0,1,0,,True,1,1111,True,True,택배,선결제,False,0.8,3500.0,3500.0,건강기능식품 그대로 채운 멀티비타민 30정 ks트리밀데이즈 | 식품 > 건강식품 > 영양제 > 기타건강보조식품 | 건강기능식품 | 건강식품 기능식품 보조식품 건강보조제 건강기능식품 영양제 멀티비타민 건강보조식품 비타민 미네랄,,,,,,,,,,"[""건강식품"", ""기능식품"", ""보조식품"", ""건강보조제"", ""건강기능식품"", ""영양제"", ""멀티비타민"", ""건강보조식품"", ""비타민"", ""미네랄""]"
domeggook,64276361,건강기능식품 관절연골엔 엠에스엠 2000 120정 KS대웅,판매중,직접판매,core,식품 > 건강식품 > 영양제 > 기타건강보조식품,식품,건강식품,기타건강보조식품,goodlionshop,라이온쇼핑,,건강기능식품,수입산_북아메리카(북미)_미국,22000,22000,True,1,22000.0,22000.0,1.0,False,0.0,1,0,,True,1,1108,False,True,택배,선결제,False,1.0,3500.0,3500.0,건강기능식품 관절연골엔 엠에스엠 2000 120정 KS대웅 | 식품 > 건강식품 > 영양제 > 기타건강보조식품 | 건강기능식품 | 건강보조제 건강기능식품 보조제 보충제 영양제 보조식품 건강보조식품 기능식품 관절 관절뼈건강,,,,,,,,,,"[""건강보조제"", ""건강기능식품"", ""보조제"", ""보충제"", ""영양제"", ""보조식품"", ""건강보조식품"", ""기능식품"", ""관절"", ""관절뼈건강""]"
domeggook,64578268,건강기능식품 뼈건강 비타민D 120캡슐 KS,판매중,직접판매,core,식품 > 건강식품 > 영양제 > 기타건강보조식품,식품,건강식품,기타건강보조식품,scsu9700,케이커머스,케이커머스 파트너사,qosllqol+O2aKK42,수입산_유럽_,31600,31600,True,1,31600.0,31600.0,1.0,False,0.0,1,999,999.0,False,1,9999,True,True,택배,무료배송,True,1.1,,,건강기능식품 뼈건강 비타민D 120캡슐 KS | 식품 > 건강식품 > 영양제 > 기타건강보조식품 | qosllqol+O2aKK42 | 케이커머스 파트너사 | 건강보조제 건강보조식품 간케어 장건강 바이오틱스 루테인 아스타잔틴 눈건강 간건강 영양제 건강기능식품 보조식품 | 상품 상세정보에 별도 표기,,상품 상세정보에 별도 표기,상품 상세정보에 별도 표기,상품 상세정보에 별도 표기,,,,,,"[""건강보조제"", ""건강보조식품"", ""간케어"", ""장건강"", ""바이오틱스"", ""루테인"", ""아스타잔틴"", ""눈건강"", ""간건강"", ""영양제"", ""건강기능식품"", ""보조식품""]"
domeggook,64578288,건강보조 건강기능식품 다이어트 가르시니아 60캡슐 ks위드바이오,판매중,직접판매,core,식품 > 건강식품 > 영양제 > 기타건강보조식품,식품,건강식품,기타건강보조식품,scsu9700,케이커머스,케이커머스 파트너사,qosllqol+O2aKK35,수입산__,29800,29800,True,1,29800.0,29800.0,1.0,False,0.0,1,999,999.0,False,1,9999,True,True,택배,무료배송,True,1.0,,,건강보조 건강기능식품 다이어트 가르시니아 60캡슐 ks위드바이오 | 식품 > 건강식품 > 영양제 > 기타건강보조식품 | qosllqol+O2aKK35 | 케이커머스 파트너사 | 건강기능식품 건강보조식품 건강즙 야채즙 음료 보조제 건강보조제 보충제 보조식품 차,,,,,,,,,,"[""건강기능식품"", ""건강보조식품"", ""건강즙"", ""야채즙"", ""음료"", ""보조제"", ""건강보조제"", ""보충제"", ""보조식품"", ""차""]"
domeggook,64578290,건강보조 건강기능식품 녹차카테킨 다이어트 플러스 60정 ks대웅,판매중,직접판매,core,식품 > 건강식품 > 영양제 > 기타건강보조식품,식품,건강식품,기타건강보조식품,scsu9700,케이커머스,케이커머스 파트너사,qosllqol+O2aKK34,수입산_아시아_인도,35200,35200,True,1,35200.0,35200.0,1.0,False,0.0,1,999,999.0,False,1,9999,True,True,택배,무료배송,True,1.0,,,건강보조 건강기능식품 녹차카테킨 다이어트 플러스 60정 ks대웅 | 식품 > 건강식품 > 영양제 > 기타건강보조식품 | qosllqol+O2aKK34 | 케이커머스 파트너사 | 건강기능식품 건강보조식품 건강즙 야채즙 음료 보조제 건강보조제 보충제 보조식품 차,,,,,,,,,,"[""건강기능식품"", ""건강보조식품"", ""건강즙"", ""야채즙"", ""음료"", ""보조제"", ""건강보조제"", ""보충제"", ""보조식품"", ""차""]"
domeggook,64578292,건강보조 건강기능식품 가르시니아 플러스 112정 ks대웅,판매중,직접판매,core,식품 > 건강식품 > 영양제 > 기타건강보조식품,식품,건강식품,기타건강보조식품,scsu9700,케이커머스,케이커머스 파트너사,qosllqol+O2aKK33,수입산_아시아_인도,31200,31200,True,1,31200.0,31200.0,1.0,False,0.0,1,999,999.0,False,1,9999,True,True,택배,무료배송,True,1.0,,,건강보조 건강기능식품 가르시니아 플러스 112정 ks대웅 | 식품 > 건강식품 > 영양제 > 기타건강보조식품 | qosllqol+O2aKK33 | 케이커머스 파트너사 | 건강기능식품 건강보조식품 건강즙 야채즙 음료 보조제 건강보조제 보충제 보조식품 차,,,,,,,,,,"[""건강기능식품"", ""건강보조식품"", ""건강즙"", ""야채즙"", ""음료"", ""보조제"", ""건강보조제"", ""보충제"", ""보조식품"", ""차""]"
domeggook,64900435,건강기능식품 보조제 두뇌인지력엔 프리미엄 포스파티딜세린 앤 징코 플러스 120캡슐 KS헬씨허그,판매중,직접판매,core,식품 > 건강식품 > 영양제 > 기타건강보조식품,식품,건강식품,기타건강보조식품,goodlionshop,라이온쇼핑,,건강기능식품,수입산_북아메리카(북미)_미국,99500,99500,True,1,99500.0,99500.0,1.0,False,0.0,1,0,,True,1,999,True,True,택배,선결제,False,1.0,3500.0,3500.0,건강기능식품 보조제 두뇌인지력엔 프리미엄 포스파티딜세린 앤 징코 플러스 120캡슐 KS헬씨허그 | 식품 > 건강식품 > 영양제 > 기타건강보조식품 | 건강기능식품 | 건강보조제 건강기능식품 건강식품 보충제 보조식품 건강보조식품 기능식품,,,,,,,,,,"[""건강보조제"", ""건강기능식품"", ""건강식품"", ""보충제"", ""보조식품"", ""건강보조식품"", ""기능식품""]"
domeggook,65396763,건강보조제 건강기능식품 젤세라 초임계 쏘팔옥타코사놀 ks종근당,판매중,직접판매,core,식품 > 건강식품 > 영양제 > 기타건강보조식품,식품,건강식품,기타건강보조식품,p-lumeria,써프라이즈몰,,건강기능식품,국산,28000,28000,True,1,28000.0,28000.0,1.0,False,0.0,1,0,,True,1,1111,True,True,택배,선결제,False,0.8,3500.0,3500.0,건강보조제 건강기능식품 젤세라 초임계 쏘팔옥타코사놀 ks종근당 | 식품 > 건강식품 > 영양제 > 기타건강보조식품 | 건강기능식품 | 건강식품 기능식품 보조식품 건강보조제 건강기능식품 영양제 관절건강 건강보조식품 뼈건강,,,,,,,,,,"[""건강식품"", ""기능식품"", ""보조식품"", ""건강보조제"", ""건강기능식품"", ""영양제"", ""관절건강"", ""건강보조식품"", ""뼈건강""]"
domeggook,65396786,건강보조제 건강기능식품 더쎈파워 쏘팔메토 옥타코사놀 ks코오롱,판매중,직접판매,core,식품 > 건강식품 > 영양제 > 기타건강보조식품,식품,건강식품,기타건강보조식품,p-lumeria,써프라이즈몰,,건강기능식품,국산,69000,69000,True,1,69000.0,69000.0,1.0,False,0.0,1,0,,True,1,1110,False,True,택배,선결제,False,0.7,3500.0,3500.0,건강보조제 건강기능식품 더쎈파워 쏘팔메토 옥타코사놀 ks코오롱 | 식품 > 건강식품 > 영양제 > 기타건강보조식품 | 건강기능식품 | 건강식품 기능식품 보조식품 건강보조제 건강기능식품 영양제 관절건강 건강보조식품 뼈건강,,,,,,,,,,"[""건강식품"", ""기능식품"", ""보조식품"", ""건강보조제"", ""건강기능식품"", ""영양제"", ""관절건강"", ""건강보조식품"", ""뼈건강""]"
domeggook,65543415,건강보조제 건강기능식품 맥주 효모 비오틴 골드 케어 90정 ks CNB,판매중,직접판매,core,식품 > 건강식품 > 영양제 > 기타건강보조식품,식품,건강식품,기타건강보조식품,p-lumeria,써프라이즈몰,,건강기능식품,국산,26000,26000,True,1,26000.0,26000.0,1.0,False,0.0,1,0,,True,1,1111,True,True,택배,선결제,False,0.8,3500.0,3500.0,건강보조제 건강기능식품 맥주 효모 비오틴 골드 케어 90정 ks CNB | 식품 > 건강식품 > 영양제 > 기타건강보조식품 | 건강기능식품 | 건강식품 기능식품 보조식품 건강보조제 건강기능식품 관절건강 건강보조식품,,,,,,,,,,"[""건강식품"", ""기능식품"", ""보조식품"", ""건강보조제"", ""건강기능식품"", ""관절건강"", ""건강보조식품""]"
domeggook,65543541,건강보조제 건강기능식품 맥주효모 비오틴 골드 3000 60정 ks 헬씨,판매중,직접판매,core,식품 > 건강식품 > 영양제 > 기타건강보조식품,식품,건강식품,기타건강보조식품,p-lumeria,써프라이즈몰,,건강기능식품,수입산_유럽_독일,22000,22000,True,1,22000.0,22000.0,1.0,False,0.0,1,0,,True,1,1111,True,True,택배,선결제,False,0.8,3500.0,3500.0,건강보조제 건강기능식품 맥주효모 비오틴 골드 3000 60정 ks 헬씨 | 식품 > 건강식품 > 영양제 > 기타건강보조식품 | 건강기능식품 | 건강식품 기능식품 보조식품 건강보조제 건강기능식품 관절건강 건강보조식품,,,,,,,,,,"[""건강식품"", ""기능식품"", ""보조식품"", ""건강보조제"", ""건강기능식품"", ""관절건강"", ""건강보조식품""]"
domeggook,65543612,건강보조제 건강기능식품 아누카사과 맥주효모 비오틴 30포 ks CNB,판매중,직접판매,core,식품 > 건강식품 > 영양제 > 기타건강보조식품,식품,건강식품,기타건강보조식품,p-lumeria,써프라이즈몰,,건강기능식품,수입산_유럽_폴란드,18000,18000,True,1,18000.0,18000.0,1.0,False,0.0,1,0,,True,1,1111,True,True,택배,선결제,False,0.8,3500.0,3500.0,건강보조제 건강기능식품 아누카사과 맥주효모 비오틴 30포 ks CNB | 식품 > 건강식품 > 영양제 > 기타건강보조식품 | 건강기능식품 | 건강식품 기능식품 보조식품 건강보조제 건강기능식품 관절건강 건강보조식품,,,,,,,,,,"[""건강식품"", ""기능식품"", ""보조식품"", ""건강보조제"", ""건강기능식품"", ""관절건강"", ""건강보조식품""]"
domeggook,65544435,건강보조제 건강기능식품 토탈케어 맥주효모 비오틴 ks 네이처,판매중,직접판매,core,식품 > 건강식품 > 영양제 > 기타건강보조식품,식품,건강식품,기타건강보조식품,p-lumeria,써프라이즈몰,,건강기능식품,수입산_유럽_독일,18000,18000,True,1,18000.0,18000.0,1.0,False,0.0,1,0,,True,1,1111,True,True,택배,선결제,False,0.8,3500.0,3500.0,건강보조제 건강기능식품 토탈케어 맥주효모 비오틴 ks 네이처 | 식품 > 건강식품 > 영양제 > 기타건강보조식품 | 건강기능식품 | 건강식품 기능식품 보조식품 건강보조제 건강기능식품 관절건강 건강보조식품,,,,,,,,,,"[""건강식품"", ""기능식품"", ""보조식품"", ""건강보조제"", ""건강기능식품"", ""관절건강"", ""건강보조식품""]"
domeggook,65544710,건강보조제 건강기능식품 데일리핏 알파시클로덱스트린 14포 ks참굿,판매중,직접판매,core,식품 > 건강식품 > 영양제 > 기타건강보조식품,식품,건강식품,기타건강보조식품,p-lumeria,써프라이즈몰,,건강기능식품,수입산_북아메리카(북미)_미국,14000,14000,True,1,14000.0,14000.0,1.0,False,0.0,1,0,,True,1,1111,True,True,택배,선결제,False,0.8,3500.0,3500.0,건강보조제 건강기능식품 데일리핏 알파시클로덱스트린 14포 ks참굿 | 식품 > 건강식품 > 영양제 > 기타건강보조식품 | 건강기능식품 | 건강식품 기능식품 보조식품 건강보조제 건강기능식품 관절건강 건강보조식품 뼈건강,,,,,,,,,,"[""건강식품"", ""기능식품"", ""보조식품"", ""건강보조제"", ""건강기능식품"", ""관절건강"", ""건강보조식품"", ""뼈건강""]"
domeggook,65544797,건강보조제 건강기능식품 낙산균 프리미엄S 30포 ks참굿,판매중,직접판매,core,식품 > 건강식품 > 영양제 > 기타건강보조식품,식품,건강식품,기타건강보조식품,p-lumeria,써프라이즈몰,,건강기능식품,국산,22000,22000,True,1,22000.0,22000.0,1.0,False,0.0,1,0,,True,1,1111,True,True,택배,선결제,False,0.8,3500.0,3500.0,건강보조제 건강기능식품 낙산균 프리미엄S 30포 ks참굿 | 식품 > 건강식품 > 영양제 > 기타건강보조식품 | 건강기능식품 | 건강식품 기능식품 보조식품 건강보조제 건강기능식품 관절건강 건강보조식품 뼈건강,,,,,,,,,,"[""건강식품"", ""기능식품"", ""보조식품"", ""건강보조제"", ""건강기능식품"", ""관절건강"", ""건강보조식품"", ""뼈건강""]"
domeggook,65545294,건강보조제 건강기능식품 프라임 유기농 올리브오일 엑스트라버진 30캡슐 ks일양,판매중,직접판매,core,식품 > 건강식품 > 영양제 > 기타건강보조식품,식품,건강식품,기타건강보조식품,p-lumeria,써프라이즈몰,,건강기능식품,수입산_유럽_스페인,18000,18000,True,1,18000.0,18000.0,1.0,False,0.0,1,0,,True,1,1111,True,True,택배,선결제,False,0.8,3500.0,3500.0,건강보조제 건강기능식품 프라임 유기농 올리브오일 엑스트라버진 30캡슐 ks일양 | 식품 > 건강식품 > 영양제 > 기타건강보조식품 | 건강기능식품 | 건강식품 기능식품 보조식품 건강보조제 건강기능식품 영양제 관절건강 건강보조식품 뼈건강,,,,,,,,,,"[""건강식품"", ""기능식품"", ""보조식품"", ""건강보조제"", ""건강기능식품"", ""영양제"", ""관절건강"", ""건강보조식품"", ""뼈건강""]"
domeggook,65545424,건강보조제 건강기능식품 프라임 유기농 대마종자유 햄프씨드오일 30캡슐 ks일양,판매중,직접판매,core,식품 > 건강식품 > 영양제 > 기타건강보조식품,식품,건강식품,기타건강보조식품,p-lumeria,써프라이즈몰,,건강기능식품,수입산_유럽_네덜란드,18000,18000,True,1,18000.0,18000.0,1.0,False,0.0,1,0,,True,1,1111,True,True,택배,선결제,False,0.8,3500.0,3500.0,건강보조제 건강기능식품 프라임 유기농 대마종자유 햄프씨드오일 30캡슐 ks일양 | 식품 > 건강식품 > 영양제 > 기타건강보조식품 | 건강기능식품 | 건강식품 기능식품 보조식품 건강보조제 건강기능식품 영양제 관절건강 건강보조식품 뼈건강,,,,,,,,,,"[""건강식품"", ""기능식품"", ""보조식품"", ""건강보조제"", ""건강기능식품"", ""영양제"", ""관절건강"", ""건강보조식품"", ""뼈건강""]"
domeggook,65545536,건강보조제 건강기능식품 파비플로라 알파CD 플러스 15포 ks내츄럴,판매중,직접판매,core,식품 > 건강식품 > 영양제 > 기타건강보조식품,식품,건강식품,기타건강보조식품,p-lumeria,써프라이즈몰,,건강기능식품,수입산_유럽_독일,18000,18000,True,1,18000.0,18000.0,1.0,False,0.0,1,0,,True,1,1111,True,True,택배,선결제,False,0.8,3500.0,3500.0,건강보조제 건강기능식품 파비플로라 알파CD 플러스 15포 ks내츄럴 | 식품 > 건강식품 > 영양제 > 기타건강보조식품 | 건강기능식품 | 건강식품 기능식품 보조식품 건강보조제 건강기능식품 건강보조식품,,,,,,,,,,"[""건강식품"", ""기능식품"", ""보조식품"", ""건강보조제"", ""건강기능식품"", ""건강보조식품""]"
domeggook,65866017,건강기능식품 보조제 비타민C 1000 프리미엄골드 KS건강산,판매중,직접판매,core,식품 > 건강식품 > 영양제 > 기타건강보조식품,식품,건강식품,기타건강보조식품,goodlionshop,라이온쇼핑,,건강기능식품,국산,12000,12000,True,1,12000.0,12000.0,1.0,False,0.0,1,0,,True,1,1111,True,True,택배,선결제,False,1.0,3500.0,3500.0,건강기능식품 보조제 비타민C 1000 프리미엄골드 KS건강산 | 식품 > 건강식품 > 영양제 > 기타건강보조식품 | 건강기능식품 | 건강보조제 건강기능식품 루테인 간케어 밀크씨슬 보조식품 건강보조식품 간건강 눈건강 오메가,,,,,,,,,,"[""건강보조제"", ""건강기능식품"", ""루테인"", ""간케어"", ""밀크씨슬"", ""보조식품"", ""건강보조식품"", ""간건강"", ""눈건강"", ""오메가""]"
domeggook,65912320,건강보조제 건강기능식품 언제나 봄날 비오틴 60정 ks웰러스,판매중,직접판매,core,식품 > 건강식품 > 영양제 > 기타건강보조식품,식품,건강식품,기타건강보조식품,p-lumeria,써프라이즈몰,,건강기능식품,국산,22000,22000,True,1,22000.0,22000.0,1.0,False,0.0,1,0,,True,1,1111,True,True,택배,선결제,False,0.8,3500.0,3500.0,건강보조제 건강기능식품 언제나 봄날 비오틴 60정 ks웰러스 | 식품 > 건강식품 > 영양제 > 기타건강보조식품 | 건강기능식품 | 건강식품 기능식품 보조식품 건강보조제 건강기능식품 건강보조식품,,,,,,,,,,"[""건강식품"", ""기능식품"", ""보조식품"", ""건강보조제"", ""건강기능식품"", ""건강보조식품""]"
domeggook,65912344,건강보조제 건강기능식품 포스파티딜세린 징코 30캡슐 ks일양,판매중,직접판매,core,식품 > 건강식품 > 영양제 > 기타건강보조식품,식품,건강식품,기타건강보조식품,p-lumeria,써프라이즈몰,,건강기능식품,국산,24000,24000,True,1,24000.0,24000.0,1.0,False,0.0,1,0,,True,1,1111,True,True,택배,선결제,False,0.8,3500.0,3500.0,건강보조제 건강기능식품 포스파티딜세린 징코 30캡슐 ks일양 | 식품 > 건강식품 > 영양제 > 기타건강보조식품 | 건강기능식품 | 건강식품 기능식품 보조식품 건강보조제 건강기능식품 건강보조식품,,,,,,,,,,"[""건강식품"", ""기능식품"", ""보조식품"", ""건강보조제"", ""건강기능식품"", ""건강보조식품""]"
domeggook,65912368,건강보조제 건강기능식품 전해질 균형 칼륨 포타슘 120정 ks광동,판매중,직접판매,core,식품 > 건강식품 > 영양제 > 기타건강보조식품,식품,건강식품,기타건강보조식품,p-lumeria,써프라이즈몰,,건강기능식품,국산,22000,22000,True,1,22000.0,22000.0,1.0,False,0.0,1,0,,True,1,1111,True,True,택배,선결제,False,0.8,3500.0,3500.0,건강보조제 건강기능식품 전해질 균형 칼륨 포타슘 120정 ks광동 | 식품 > 건강식품 > 영양제 > 기타건강보조식품 | 건강기능식품 | 건강식품 기능식품 보조식품 건강보조제 건강기능식품 건강보조식품,,,,,,,,,,"[""건강식품"", ""기능식품"", ""보조식품"", ""건강보조제"", ""건강기능식품"", ""건강보조식품""]"
domeggook,65912403,건강보조제 건강기능식품 두뇌엔 포스파티딜세린 PS 300캡슐 ks웰러스,판매중,직접판매,core,식품 > 건강식품 > 영양제 > 기타건강보조식품,식품,건강식품,기타건강보조식품,p-lumeria,써프라이즈몰,,건강기능식품,수입산_아시아_중국,57000,57000,True,1,57000.0,57000.0,1.0,False,0.0,1,0,,True,1,1111,True,True,택배,선결제,False,0.8,3500.0,3500.0,건강보조제 건강기능식품 두뇌엔 포스파티딜세린 PS 300캡슐 ks웰러스 | 식품 > 건강식품 > 영양제 > 기타건강보조식품 | 건강기능식품 | 건강식품 기능식품 보조식품 건강보조제 건강기능식품 건강보조식품,,,,,,,,,,"[""건강식품"", ""기능식품"", ""보조식품"", ""건강보조제"", ""건강기능식품"", ""건강보조식품""]"
domeggook,65912496,건강보조제 건강기능식품 100억 생유산균 비피더스 프로바이오틱스 장용성캡슐 300캡슐 ks내츄럴,판매중,직접판매,core,식품 > 건강식품 > 영양제 > 기타건강보조식품,식품,건강식품,기타건강보조식품,p-lumeria,써프라이즈몰,,건강기능식품,국산,22000,22000,True,1,22000.0,22000.0,1.0,False,0.0,1,0,,True,1,1111,True,True,택배,선결제,False,0.7,3500.0,3500.0,건강보조제 건강기능식품 100억 생유산균 비피더스 프로바이오틱스 장용성캡슐 300캡슐 ks내츄럴 | 식품 > 건강식품 > 영양제 > 기타건강보조식품 | 건강기능식품 | 건강식품 기능식품 보조식품 건강보조제 건강기능식품 건강보조식품,,,,,,,,,,"[""건강식품"", ""기능식품"", ""보조식품"", ""건강보조제"", ""건강기능식품"", ""건강보조식품""]"
domeggook,65912668,건강보조제 건강기능식품 야쿠르트 프로바이오틱스 (2g X 60포) ks한국야쿠르트,판매중,직접판매,core,식품 > 건강식품 > 영양제 > 기타건강보조식품,식품,건강식품,기타건강보조식품,p-lumeria,써프라이즈몰,,건강기능식품,국산,25000,25000,True,1,25000.0,25000.0,1.0,False,0.0,1,0,,True,1,1111,True,True,택배,선결제,False,0.8,3500.0,3500.0,건강보조제 건강기능식품 야쿠르트 프로바이오틱스 (2g X 60포) ks한국야쿠르트 | 식품 > 건강식품 > 영양제 > 기타건강보조식품 | 건강기능식품 | 건강식품 기능식품 보조식품 건강보조제 건강기능식품 건강보조식품,,,,,,,,,,"[""건강식품"", ""기능식품"", ""보조식품"", ""건강보조제"", ""건강기능식품"", ""건강보조식품""]"
domeggook,66203243,건강기능식품 슈간건강 슈퍼케어 30정 KS종근당,판매중,직접판매,core,식품 > 건강식품 > 영양제 > 기타건강보조식품,식품,건강식품,기타건강보조식품,goodlionshop,라이온쇼핑,,건강기능식품,국산,16000,16000,True,1,16000.0,16000.0,1.0,False,0.0,1,0,,True,1,1111,True,True,택배,선결제,False,1.0,3500.0,3500.0,건강기능식품 슈간건강 슈퍼케어 30정 KS종근당 | 식품 > 건강식품 > 영양제 > 기타건강보조식품 | 건강기능식품 | 건강보조제 건강기능식품 보충제 보조식품 건강보조식품 기능식품,,,,,,,,,,"[""건강보조제"", ""건강기능식품"", ""보충제"", ""보조식품"", ""건강보조식품"", ""기능식품""]"
domeggook,66803172,건강기능식품 보조제 브레인 맥스 솔루션1200 60캡슐 KS,판매중,직접판매,core,식품 > 건강식품 > 영양제 > 기타건강보조식품,식품,건강식품,기타건강보조식품,goodlionshop,라이온쇼핑,,건강기능식품,수입산_북아메리카(북미)_캐나다,79500,79500,True,1,79500.0,79500.0,1.0,False,0.0,1,0,,True,1,1111,True,True,택배,선결제,False,1.1,3500.0,3500.0,건강기능식품 보조제 브레인 맥스 솔루션1200 60캡슐 KS | 식품 > 건강식품 > 영양제 > 기타건강보조식품 | 건강기능식품 | 건강보조제 건강기능식품 유산균 보충제 영양제 보조식품 건강보조식품 기능식품 장건강 바이오틱스,,,,,,,,,,"[""건강보조제"", ""건강기능식품"", ""유산균"", ""보충제"", ""영양제"", ""보조식품"", ""건강보조식품"", ""기능식품"", ""장건강"", ""바이오틱스""]"
domeggook,9668690,(도매 특가) 데일리원 6년근 홍삼스틱 12g x 10스틱 (건강기능식품),판매중,직접판매,core,식품 > 건강식품 > 홍삼 > 홍삼액,식품,건강식품,홍삼액,andy771013,해가우린 주식회사,지에이치내츄럴,,국산_경기도_시흥시,8800,8800,True,1,8800.0,8800.0,1.0,False,0.0,1,0,,True,1,7495,False,True,택배,선결제,False,0.4,0.0,3500.0,(도매 특가) 데일리원 6년근 홍삼스틱 12g x 10스틱 (건강기능식품) | 식품 > 건강식품 > 홍삼 > 홍삼액 | 지에이치내츄럴 | 데일리원 홍삼스틱 홍삼정 홍삼농축액 홍삼 선물 건강식품 인삼차 홍삼음료 데일리원홍삼스틱,(도매 특가) 데일리원 6년근 홍삼스틱 12g x 10스틱 (건강기능식품),12g x 10스틱,,,,,,최근생산된 제품 발송,,"[""데일리원"", ""홍삼스틱"", ""홍삼정"", ""홍삼농축액"", ""홍삼"", ""선물"", ""건강식품"", ""인삼차"", ""홍삼음료"", ""데일리원홍삼스틱""]"
domeggook,9976349,(도매특가) 데일리원 6년근홍삼스틱 12 g x 30포 + 쇼핑백포함 (건강기능식품),판매중,직접판매,core,식품 > 건강식품 > 홍삼 > 홍삼액,식품,건강식품,홍삼액,andy771013,해가우린 주식회사,지에이치내츄럴,,국산_경기도_시흥시,23800,23800,True,1,23800.0,23800.0,1.0,False,0.0,1,0,,True,1,8145,False,True,택배,선결제,False,0.4,0.0,3500.0,"(도매특가) 데일리원 6년근홍삼스틱 12 g x 30포 + 쇼핑백포함 (건강기능식품) | 식품 > 건강식품 > 홍삼 > 홍삼액 | 지에이치내츄럴 | 홍삼정 홍삼농축액 홍삼 홍삼스틱 인삼 선물 홍삼차 설선물 데일리원 꿀스틱 | 1혈소판 응집억제를 통한 혈액흐름에 도움을 줄 수 있음 2기억력 개선에 도움을 줄 수 있음 3항산화에 도움을 줄 수 있음 | 홍삼농축액(6년근, 고형분 65%, 진세노사이드 Rg1, Rb1 및 Rg3의 합 10 mg/g, 국산) 2.88%(원료삼배합비율: 홍삼근 70%, 홍미삼 30%)",(도매특가) 데일리원6년근홍삼스틱 12g x 30포 + 쇼핑백포함 (건강기능식품),12g x 30스틱,"홍삼농축액(6년근, 고형분 65%, 진세노사이드 Rg1, Rb1 및 Rg3의 합 10 mg/g, 국산) 2.88%(원료삼배합비율: 홍삼근 70%, 홍미삼 30%)",,1혈소판 응집억제를 통한 혈액흐름에 도움을 줄 수 있음 2기억력 개선에 도움을 줄 수 있음 3항산화에 도움을 줄 수 있음,"1일 1회, 1회 1포(12 g)를 섭취하십시오.",,,,"[""홍삼정"", ""홍삼농축액"", ""홍삼"", ""홍삼스틱"", ""인삼"", ""선물"", ""홍삼차"", ""설선물"", ""데일리원"", ""꿀스틱""]"
